dataId,node1,node2,birthYear,gender,height,weight,walkSpeed,temperature,precipitationProbability,precipitation,takeTime,weightShortest,weightOptimal
1, 광장계단 근처,반도체대학 정문,1999,1,178.1,69.7,2,19.8,10.1,10.0,10.5,0.07201122772421964,-76.50223918596069
2, 광장계단 근처,반도체대학 정문,1999,1,178.1,69.7,2,19.8,10.1,10.0,10.5,0.07201122772421964,-76.50223918596069
3, 광장계단 근처,반도체대학 정문,1999,1,178.1,69.7,2,19.8,10.1,10.0,10.5,0.07201122772421964,-76.50223918596069
4, 광장계단 근처,반도체대학 정문,1999,1,178.1,69.7,2,19.8,10.1,10.0,10.5,0.07201122772421964,-76.50223918596069
5, 광장계단 근처,반도체대학 정문,1999,1,178.1,69.7,2,19.8,10.1,10.0,10.5,0.07201122772421964,-76.50223918596069
6, 광장계단 근처,반도체대학 정문,1999,1,178.1,69.7,2,19.8,10.1,10.0,10.5,0.07201122772421964,-76.50223918596069
7, 광장계단 근처,반도체대학 정문,2002,1,178.1,69.7,2,19.8,10.1,10.0,10.5,0.07201122772421964,-76.50223918596069
8, 반도체대학 무당이정류장,반도체대학 코너,2000,0,173.0,65.0,1,17.0,60.0,1.0,8.0,0.01264054587192205,0.0
9, 반도체대학 코너,반도체대학 앞 동산 횡단보도,2000,0,173.0,65.0,1,17.0,60.0,1.0,10.0,0.01638386516149479,0.0
10, 반도체대학 앞 동산 횡단보도,반도체대학 코너,2000,0,173.0,65.0,1,17.0,60.0,1.0,4.0,0.01638386516149479,0.0
11, 반도체대학 앞 동산 횡단보도,파스쿠치 앞,1999,0,178.0,71.0,2,0.0,0.0,0.0,34.0,0.05796208204793505,-89.68470278469094
12, 파스쿠치 앞,파스쿠치-공대 횡단보도,1999,0,178.0,71.0,2,0.0,0.0,0.0,6.0,0.011565423177815934,61.50456784139774
13, 파스쿠치-공대 횡단보도,공과대학1 정문 앞,1999,0,178.0,71.0,2,0.0,0.0,0.0,16.0,0.023612579574638953,89.87129287326552
14, 공과대학1 정문 앞,공대 분기점,1999,0,178.0,71.0,2,0.0,0.0,0.0,17.0,0.029613020563533293,0.0
15, 공대 분기점,글로벌센터 내려가는 계단,1999,0,178.0,71.0,2,0.0,0.0,0.0,39.0,0.05053224816316234,-89.16990225092867
16, 글로벌센터 내려가는 계단,가천관 - 구 ROTC,1999,0,178.0,71.0,2,0.0,0.0,0.0,6.0,0.013706459363799054,89.93393794421443
17, 가천관 - 구 ROTC,가천관-예술대학2,1999,0,178.0,71.0,2,0.0,0.0,0.0,34.0,0.05995840791564111,88.28283245312524
18, 가천관-예술대학2,글로벌센터 가천관 분기점,1999,0,178.0,71.0,2,0.0,0.0,0.0,14.0,0.026270856589441755,0.0
19, 글로벌센터 가천관 분기점,가천관 더 내려가는 길,1999,0,178.0,71.0,2,0.0,0.0,0.0,12.0,0.018671311587358085,89.64340882020043
20, 가천관 더 내려가는 길,가천관 내려가는 길,1999,0,178.0,71.0,2,0.0,0.0,0.0,107.0,0.017815353549611487,-88.97936340080533
21, 가천관 내려가는 길,가천고개 향하는 횡단보도,1999,0,178.0,71.0,2,0.0,0.0,0.0,9.0,0.012684071888020246,89.63663297854822
22, 가천고개 향하는 횡단보도,가천고개 끝,1999,0,178.0,71.0,2,0.0,0.0,0.0,6.0,0.017697694546870483,0.0
23, 가천고개 끝,가천고개 내려가는 길,1999,0,178.0,71.0,2,0.0,0.0,0.0,28.0,0.0479354735013592,89.59610958413327
24, 가천고개 내려가는 길,교육대학원 옆 횡단보도,1999,0,178.0,71.0,2,0.0,0.0,0.0,39.0,0.06403748321895833,89.46044572637027
25, 교육대학원 옆 횡단보도,교육대학원 쪽문,1999,0,178.0,71.0,2,0.0,0.0,0.0,12.0,0.022611344743864403,83.54971596399955
26, 교육대학원 쪽문,교육대학원 앞 횡단보도,1999,0,178.0,71.0,2,0.0,0.0,0.0,11.0,0.018088148578229823,84.83218662523609
27, 교육대학원 앞 횡단보도,교육대학원 무당이 정류장,1999,0,178.0,71.0,2,0.0,0.0,0.0,10.0,0.018647622023670648,0.0
28, 교육대학원 무당이 정류장,교육대학원-중앙도서관 길목,1999,0,178.0,71.0,2,0.0,0.0,0.0,26.0,0.04939161464612843,-85.96393050992563
29, 교육대학원-중앙도서관 길목,중앙도서관 흡연구역 입구,1999,0,178.0,71.0,2,0.0,0.0,0.0,20.0,0.02883387047688575,0.0
30, 중앙도서관 흡연구역 입구,중앙도서관 정문 길목,1999,0,178.0,71.0,2,0.0,0.0,0.0,27.0,0.04619865161436956,-86.22406490331136
31, 중앙도서관 정문 길목,중앙도서관 길목,1999,0,178.0,71.0,2,0.0,0.0,0.0,11.0,0.02024245910298387,88.34359379490371
32, 중앙도서관 길목,중앙도서관 횡단보도,1999,0,178.0,71.0,2,0.0,0.0,0.0,21.0,0.037869902236779586,-89.71207202029682
33, 중앙도서관 횡단보도,총학생회관 무당이 정류장,1999,0,178.0,71.0,2,0.0,0.0,0.0,42.0,0.06882633232503003,88.76198803455307
34, 총학생회관 무당이 정류장,총학생회관 더 내려가는 길목,1999,0,178.0,71.0,2,0.0,0.0,0.0,25.0,0.03904106249169975,-82.19606160399502
35, 총학생회관 더 내려가는 길목,AI공학관 더 올라가는 길목,1999,0,178.0,71.0,2,0.0,0.0,0.0,14.0,0.024751754641411057,-89.71055986210361
36, AI공학관 더 올라가는 길목,AI공학관 올라가는 길목,1999,0,178.0,71.0,2,0.0,0.0,0.0,6.0,0.013034465235654574,-89.74201422138862
37, AI공학관 올라가는 길목,AI공학관 길목,1999,0,178.0,71.0,2,0.0,0.0,0.0,32.0,0.053766989853744236,-89.69179205063061
38, AI공학관 길목,AI공학관 1층 흡연장 정문,1999,0,178.0,71.0,2,0.0,0.0,0.0,46.0,0.07709506083444671,89.48250030337415
39, 운동장 앞 AI공학관 길목,운동장 초입,1999,0,178.0,70.0,2,13.0,0.0,0.0,72.0,0.1132586934102918,0.0
40, 운동장 초입,운동장-총학생회관 길목,1999,0,178.0,70.0,2,13.0,0.0,0.0,37.0,0.05439442740975048,-89.48058570955853
41, 반도체대학 정문,파스쿠치 앞,1999,0,178.0,70.0,2,13.0,0.0,0.0,31.0,0.031027323606880212,-89.83121898248088
42, 파스쿠치 앞,파스쿠치-공대 횡단보도,1999,0,178.0,70.0,2,13.0,0.0,0.0,7.0,0.011565423177815934,61.50456784139774
43, 파스쿠치-공대 횡단보도,공과대학1 정문 앞,1999,0,178.0,70.0,2,13.0,0.0,0.0,18.0,0.023612579574638953,89.87129287326552
44, 가천관 길목,공과대학-가천관 횡단보도,2000,0,173.0,66.0,2,19.0,0.0,0.0,23.0,0.025574579141661988,0.0
45, 글로벌센터 가천관 분기점,가천관-예술대학2,2000,0,173.0,65.0,1,19.0,0.0,0.0,20.0,0.026270856589441755,0.0
46, 공과대학-가천관 횡단보도,공과대학-산학협력관 계단,2000,0,173.0,66.0,2,19.0,0.0,0.0,49.0,0.06917752593840373,-89.8224599332683
47, 가천관-예술대학2,가천관 - 구 ROTC,2000,0,173.0,65.0,1,19.0,0.0,0.0,44.0,0.05995840791564111,-88.28283245312524
48, 가천관 - 구 ROTC,가천관 앞 엘리베이터,2000,0,173.0,65.0,1,19.0,0.0,0.0,10.0,0.01354802328550384,0.0
49, 공과대학-산학협력관 계단,공과대학 정문,2000,0,173.0,66.0,2,19.0,0.0,0.0,13.0,0.03295882420760795,89.84572133458866
50, 가천관 앞 엘리베이터,반도체대학 앞 동산 끝,2000,0,173.0,65.0,1,19.0,0.0,0.0,7.0,0.009969343471123413,89.71440171269417
51, 공과대학 정문,공과대학 코너,2000,0,173.0,66.0,2,19.0,0.0,0.0,24.0,0.035250923783760026,89.79972523017464
52, 반도체대학 앞 동산 끝,가천관쪽 계단 끝지점,2000,0,173.0,65.0,1,19.0,0.0,0.0,16.0,0.020774679312000787,0.0
53, 공과대학 코너,공과대학-구름다리,2000,0,173.0,66.0,2,19.0,0.0,0.0,7.0,0.013913122939678434,89.00364641421103
54, 가천관쪽 계단 끝지점,반도체대학 앞 동산 끝,2000,0,173.0,65.0,1,19.0,0.0,0.0,10.0,0.020774679312000787,0.0
55, 반도체대학 앞 동산 끝,가천관 앞 엘리베이터,2000,0,173.0,65.0,1,19.0,0.0,0.0,8.0,0.009969343471123413,-89.71440171269417
56, 가천관 앞 엘리베이터,가천관 - 구 ROTC,2000,0,173.0,65.0,1,19.0,0.0,0.0,9.0,0.01354802328550384,0.0
57, 공과대학-구름다리,공과대학쪽문,2000,0,173.0,66.0,2,19.0,0.0,0.0,20.0,0.025159474235493078,-89.87355005718992
58, 가천관 - 구 ROTC,글로벌센터 내려가는 계단,2000,0,173.0,65.0,1,19.0,0.0,0.0,11.0,0.013706459363799054,-89.93393794421443
59, 공과대학쪽문,비전타워 구름다리 입구,2000,0,173.0,66.0,2,19.0,0.0,0.0,32.0,0.03714240719297068,-89.68336533970792
60, 글로벌센터 내려가는 계단,공대 분기점,2000,0,173.0,65.0,1,19.0,0.0,0.0,44.0,0.05053224816316234,89.16990225092867
61, 비전타워 구름다리 입구,바이오나노연구원 앞 엘리베이터,2000,0,173.0,66.0,2,19.0,0.0,0.0,28.0,0.042494480924725714,89.65808915161185
62, 공대 분기점,공과대학1 정문 앞,2000,0,173.0,65.0,1,19.0,0.0,0.0,22.0,0.029613020563533293,0.0
63, 공과대학1 정문 앞,공대-글로벌센터,2000,0,173.0,65.0,1,19.0,0.0,0.0,18.0,0.020661023173019655,0.0
64, 공대-글로벌센터,글로벌센터 흡연구역 앞,2000,0,173.0,65.0,1,19.0,0.0,0.0,12.0,0.017786981554024705,0.0
65, 글로벌센터 흡연구역 앞,공대-글로벌센터,2000,0,173.0,65.0,1,19.0,0.0,0.0,15.0,0.017786981554024705,0.0
66, 공대-글로벌센터,파스쿠치-공대 횡단보도,2000,0,173.0,65.0,1,19.0,0.0,0.0,12.0,0.016903774593836834,-89.90786106040888
67, 바이오나노연구원 앞 엘리베이터,비전타워-반도체대학동산 횡단보도,2000,0,173.0,66.0,2,19.0,0.0,0.0,35.0,0.0841505033174869,-67.1809532987928
69, 파스쿠치-공대 횡단보도,파스쿠치 앞,2000,0,173.0,65.0,1,19.0,0.0,0.0,8.0,0.011565423177815934,-61.50456784139774
70, 파스쿠치 앞,반도체대학 앞 동산 횡단보도,2000,0,173.0,65.0,1,19.0,0.0,0.0,46.0,0.05796208204793505,89.68470278469094
71, 반도체대학 앞 동산 횡단보도,파스쿠치 앞,2000,0,173.0,66.0,2,19.0,0.0,0.0,59.0,0.05796208204793505,-89.68470278469094
72, 반도체대학 앞 동산 횡단보도,광장계단 근처,2000,0,173.0,65.0,1,19.0,0.0,0.0,33.0,0.04199530697230977,82.03126868001293
73, 광장계단 근처,반도체대학 앞 동산 횡단보도,2000,0,173.0,65.0,1,19.0,0.0,0.0,33.0,0.04199530697230977,-82.03126868001293
74, 반도체대학 앞 동산 횡단보도,파스쿠치 앞,2000,0,173.0,65.0,1,19.0,0.0,0.0,46.0,0.05796208204793505,-89.68470278469094
75, 파스쿠치 앞,파스쿠치-공대 횡단보도,2000,0,173.0,65.0,1,19.0,0.0,0.0,9.0,0.011565423177815934,61.50456784139774
76, 파스쿠치-공대 횡단보도,공대-글로벌센터,2000,0,173.0,65.0,1,19.0,0.0,0.0,16.0,0.016903774593836834,89.90786106040888
77, 공대-글로벌센터,글로벌센터 흡연구역 앞,2000,0,173.0,65.0,1,19.0,0.0,0.0,24.0,0.017786981554024705,0.0
78, 파스쿠치 앞,공대-글로벌센터,2000,0,173.0,66.0,2,19.0,0.0,0.0,68.0,0.02846862861528679,89.84513758377167
79, 공대-글로벌센터,공과대학1 정문 앞,2000,0,173.0,66.0,2,19.0,0.0,0.0,14.0,0.020661023173019655,0.0
80, 공과대학1 정문 앞,공대 분기점,2000,0,173.0,66.0,2,19.0,0.0,0.0,22.0,0.029613020563533293,0.0
81, 글로벌센터-예술대학 시작점,공대-글로벌센터,2000,0,173.0,65.0,1,19.0,0.0,0.0,44.0,0.04669539000537145,0.0
82, 공대-글로벌센터,파스쿠치-공대 횡단보도,2000,0,173.0,65.0,1,19.0,0.0,0.0,11.0,0.016903774593836834,-89.90786106040888
83, 파스쿠치-공대 횡단보도,파스쿠치 앞,2000,0,173.0,65.0,1,19.0,0.0,0.0,8.0,0.011565423177815934,-61.50456784139774
84, 파스쿠치 앞,반도체대학 앞 동산 횡단보도,2000,0,173.0,65.0,1,19.0,0.0,0.0,46.0,0.05796208204793505,89.68470278469094
85, 반도체대학 앞 동산 횡단보도,파스쿠치 앞,2000,0,173.0,65.0,1,19.0,0.0,0.0,54.0,0.05796208204793505,-89.68470278469094
86, 파스쿠치 앞,공대-글로벌센터,2000,0,173.0,65.0,1,19.0,0.0,0.0,22.0,0.02846862861528679,89.84513758377167
87, 공대-글로벌센터,공과대학1 정문 앞,2000,0,173.0,65.0,1,19.0,0.0,0.0,14.0,0.020661023173019655,0.0
88, 공대 분기점,반도체대학 앞 동산 횡단보도,2000,0,173.0,66.0,2,19.0,0.0,0.0,51.0,0.08566197338564518,0.0
89, 공과대학1 정문 앞,공대 분기점,2000,0,173.0,65.0,1,19.0,0.0,0.0,20.0,0.029613020563533293,0.0
90, 반도체대학 앞 동산 횡단보도,반도체대학 코너,2000,0,173.0,66.0,2,19.0,0.0,0.0,10.0,0.01638386516149479,0.0
91, 반도체대학 코너,반도체대학 정문,2000,0,173.0,66.0,2,19.0,0.0,0.0,34.0,0.029055506562715917,0.0
92, 공대 분기점,글로벌센터 내려가는 계단,2000,0,173.0,65.0,1,19.0,0.0,0.0,56.0,0.05053224816316234,-89.16990225092867
93, 글로벌센터 내려가는 계단,가천관 - 구 ROTC,2000,0,173.0,65.0,1,19.0,0.0,0.0,10.0,0.013706459363799054,89.93393794421443
94, 반도체대학 정문,파스쿠치 앞,2000,0,173.0,66.0,2,19.0,0.0,0.0,36.0,0.031027323606880212,-89.83121898248088
95, 파스쿠치 앞,파스쿠치-공대 횡단보도,2000,0,173.0,66.0,2,19.0,0.0,0.0,12.0,0.011565423177815934,61.50456784139774
96, 파스쿠치-공대 횡단보도,공대-글로벌센터,2000,0,173.0,66.0,2,19.0,0.0,0.0,13.0,0.016903774593836834,89.90786106040888
97, 공대-글로벌센터,글로벌센터 흡연구역 앞,2000,0,173.0,66.0,2,19.0,0.0,0.0,13.0,0.017786981554024705,0.0
98, 가천관 - 구 ROTC,가천관-예술대학2,2000,0,173.0,65.0,1,19.0,0.0,0.0,49.0,0.05995840791564111,88.28283245312524
99, 글로벌센터 흡연구역 앞,글로벌센터 흡연구역,2000,0,173.0,66.0,2,19.0,0.0,0.0,29.0,0.025512686947061426,0.0
100, 가천관-예술대학2,가천관 코너,2000,0,173.0,65.0,1,19.0,0.0,0.0,31.0,0.03009914257837548,0.0
101, 글로벌센터 흡연구역,글로벌센터 흡연구역 앞,2000,0,173.0,66.0,2,19.0,0.0,0.0,19.0,0.025512686947061426,0.0
102, 글로벌센터 흡연구역 앞,공대-글로벌센터,2000,0,173.0,66.0,2,19.0,0.0,0.0,23.0,0.017786981554024705,0.0
104, 공대-글로벌센터,공과대학 1 정문,2000,0,173.0,66.0,2,19.0,0.0,0.0,13.0,0.023523566611651548,89.32613053014812
106, 공과대학 1 정문,공대 분기점,2000,0,173.0,66.0,2,19.0,0.0,0.0,16.0,0.030500435496317365,-89.12629461447864
107, 공대 분기점,글로벌센터 내려가는 계단,2000,0,173.0,66.0,2,19.0,0.0,0.0,45.0,0.05053224816316234,-89.16990225092867
108, 글로벌센터 내려가는 계단,가천관 - 구 ROTC,2000,0,173.0,66.0,2,19.0,0.0,0.0,17.0,0.013706459363799054,89.93393794421443
109, 가천관 - 구 ROTC,가천관-예술대학2,2000,0,173.0,66.0,2,19.0,0.0,0.0,43.0,0.05995840791564111,88.28283245312524
110, 가천관-예술대학2,가천관 코너,2000,0,173.0,66.0,2,19.0,0.0,0.0,21.0,0.03009914257837548,0.0
112, 가천관 코너,가천관 더 내려가는 길,2000,0,173.0,66.0,1,19.0,0.0,0.0,8.0,0.01386930741991203,89.7351176271295
113, 가천관 더 내려가는 길,가천관 내려가는 길,2000,0,173.0,65.0,1,19.0,0.0,0.0,25.0,0.017815353549611487,-88.97936340080533
114, 가천관 더 내려가는 길,가천관 내려가는 길,2000,0,173.0,66.0,1,19.0,0.0,0.0,16.0,0.017815353549611487,-88.97936340080533
115, 가천관 내려가는 길,가천고개 시작 횡단보도,2000,0,173.0,66.0,1,19.0,0.0,0.0,11.0,0.019908388073786264,89.42968552945658
116, 가천관 내려가는 길,가천고개 시작 횡단보도,2000,0,173.0,65.0,1,19.0,0.0,0.0,15.0,0.019908388073786264,89.42968552945658
117, 가천고개 시작 횡단보도,가천고개 올라가는 길,2000,0,173.0,65.0,1,19.0,0.0,0.0,55.0,0.06251613196392493,89.47326329379786
118, 가천고개 시작 횡단보도,가천고개 올라가는 길,2000,0,173.0,66.0,1,19.0,0.0,0.0,55.0,0.06251613196392493,89.47326329379786
119, 가천고개 올라가는 길,교육대학원 학식,2000,0,173.0,66.0,1,19.0,0.0,0.0,45.0,0.052444309516773854,89.47285038444276
120, 가천고개 올라가는 길,교육대학원 학식,2000,0,173.0,65.0,1,19.0,0.0,0.0,50.0,0.052444309516773854,89.47285038444276
121, 교육대학원 학식,교육대학원 옆 횡단보도,2000,0,173.0,66.0,1,19.0,0.0,0.0,9.0,0.013401131030285198,89.3020088503183
122, 교육대학원 학식,교육대학원 옆 횡단보도,2000,0,173.0,65.0,1,19.0,0.0,0.0,11.0,0.013401131030285198,89.3020088503183
123, 교육대학원 옆 횡단보도,교육대학원 쪽문,2000,0,173.0,66.0,1,19.0,0.0,0.0,21.0,0.022611344743864403,83.54971596399955
124, 교육대학원 옆 횡단보도,교육대학원 쪽문,2000,0,173.0,65.0,1,19.0,0.0,0.0,19.0,0.022611344743864403,83.54971596399955
125, 교육대학원 쪽문,교육대학원 앞 횡단보도,2000,0,173.0,66.0,1,19.0,0.0,0.0,12.0,0.018088148578229823,84.83218662523609
126, 교육대학원 쪽문,교육대학원 앞 횡단보도,2000,0,173.0,65.0,1,19.0,0.0,0.0,14.0,0.018088148578229823,84.83218662523609
127, 교육대학원 앞 횡단보도,교육대학원 무당이 정류장,2000,0,173.0,66.0,1,19.0,0.0,0.0,13.0,0.018647622023670648,0.0
128, 교육대학원 앞 횡단보도,교육대학원 무당이 정류장,2000,0,173.0,65.0,1,19.0,0.0,0.0,14.0,0.018647622023670648,0.0
129, 교육대학원 무당이 정류장,교육대학원-중앙도서관 길목,2000,0,173.0,65.0,1,19.0,0.0,0.0,42.0,0.04939161464612843,-85.96393050992563
130, 교육대학원-중앙도서관 길목,중앙도서관 흡연구역 입구,2000,0,173.0,66.0,0,19.0,0.0,0.0,20.0,0.02883387047688575,0.0
131, 교육대학원-중앙도서관 길목,중앙도서관 흡연구역 입구,2000,0,173.0,65.0,1,19.0,0.0,0.0,21.0,0.02883387047688575,0.0
132, 중앙도서관 흡연구역 입구,중앙도서관 정문 길목,2000,0,173.0,65.0,1,19.0,0.0,0.0,38.0,0.04619865161436956,-86.22406490331136
133, 중앙도서관 흡연구역 입구,중앙도서관 정문 길목,2000,0,173.0,66.0,0,19.0,0.0,0.0,46.0,0.04619865161436956,-86.22406490331136
134, 중앙도서관 정문 길목,중앙도서관 길목,2000,0,173.0,65.0,1,19.0,0.0,0.0,15.0,0.02024245910298387,88.34359379490371
135, 중앙도서관 정문 길목,중앙도서관 길목,2000,0,173.0,66.0,0,19.0,0.0,0.0,11.0,0.02024245910298387,88.34359379490371
136, 중앙도서관 길목,중앙도서관 횡단보도,2000,0,173.0,65.0,1,19.0,0.0,0.0,33.0,0.037869902236779586,-89.71207202029682
137, 중앙도서관 횡단보도,중앙도서관-총학생회관 길목,2000,0,173.0,65.0,1,19.0,0.0,0.0,31.0,0.01957971023478734,89.48228216910887
138, 중앙도서관-총학생회관 길목,총학생회관 정문 길목,2000,0,173.0,65.0,1,19.0,0.0,0.0,40.0,0.04886594939235726,89.11690927379364
139, 총학생회관 정문 길목,총학생회관 무당이 정류장,2000,0,173.0,65.0,1,19.0,0.0,0.0,7.0,0.00892950372650068,-89.76228324813825
142, 총학생회관 정문,총학생회관 앞 길목,2000,0,173.0,66.0,0,19.0,0.0,0.0,11.0,0.015327166252046888,-89.64642681226562
143, 총학생회관 무당이 정류장,총학생회관 더 내려가는 길목,2000,0,173.0,65.0,1,19.0,0.0,0.0,38.0,0.03904106249169975,-82.19606160399502
144, 총학생회관 앞 길목,총학생회관 더 내려가는 길목,2000,0,173.0,66.0,0,19.0,0.0,0.0,41.0,0.04378783761246396,-89.26046493364784
145, 총학생회관 더 내려가는 길목,AI공학관 더 올라가는 길목,2000,0,173.0,65.0,1,19.0,0.0,0.0,17.0,0.024751754641411057,-89.71055986210361
146, 총학생회관 더 내려가는 길목,AI공학관 더 올라가는 길목,2000,0,173.0,66.0,0,19.0,0.0,0.0,22.0,0.024751754641411057,-89.71055986210361
147, AI공학관 더 올라가는 길목,AI공학관 올라가는 길목,2000,0,173.0,65.0,1,19.0,0.0,0.0,9.0,0.013034465235654574,-89.74201422138862
148, AI공학관 더 올라가는 길목,AI공학관 올라가는 길목,2000,0,173.0,66.0,0,19.0,0.0,0.0,8.0,0.013034465235654574,-89.74201422138862
149, AI공학관 올라가는 길목,AI공학관 길목,2000,0,173.0,65.0,1,19.0,0.0,0.0,43.0,0.053766989853744236,-89.69179205063061
150, AI공학관 올라가는 길목,AI공학관 길목,2000,0,173.0,66.0,0,19.0,0.0,0.0,35.0,0.053766989853744236,-89.69179205063061
151, AI공학관 길목,AI공학관 1층 흡연장 정문,2000,0,173.0,66.0,0,19.0,0.0,0.0,62.0,0.07709506083444671,89.48250030337415
152, AI공학관 1층 흡연장 정문,AI공학관 흡연장 코너,2000,0,173.0,66.0,0,19.0,0.0,0.0,6.0,0.008500172492682964,-89.04513937287659
153, AI공학관 흡연장 코너,AI공학관 횡단보도 앞,2000,0,173.0,66.0,0,19.0,0.0,0.0,31.0,0.032396664428712425,0.0
154, AI공학관 횡단보도 앞,AI공학관 횡단보도 코너,2000,0,173.0,66.0,0,19.0,0.0,0.0,8.0,0.007821043638855127,-89.95518872994742
155, AI공학관 흡연장 코너,AI공학관 횡단보도 앞,2000,0,173.0,65.0,1,19.0,0.0,0.0,27.0,0.032396664428712425,0.0
156, AI공학관 횡단보도 앞,AI공학관 횡단보도 코너,2000,0,173.0,65.0,1,19.0,0.0,0.0,7.0,0.007821043638855127,-89.95518872994742
157, AI공학관 횡단보도 코너,AI공학관 1층 횡단보도 정문,2000,0,173.0,65.0,1,19.0,0.0,0.0,18.0,0.018861243187518174,89.8919331650464
158, AI공학관 무당이 정류장,운동장 앞 AI공학관 길목,2000,0,173.0,66.0,1,22.0,0.0,0.0,17.0,0.020621745981618218,0.0
159, AI공학관 무당이 정류장,운동장 앞 AI공학관 길목,2000,0,173.0,65.0,1,22.0,0.0,0.0,29.0,0.020621745981618218,0.0
160, 운동장 앞 AI공학관 길목,운동장,2000,0,173.0,66.0,1,22.0,0.0,0.0,38.0,0.03985981808131448,0.0
161, 운동장,운동장 초입,2000,0,173.0,66.0,1,22.0,0.0,0.0,77.0,0.10284306180837596,0.0
162, 운동장 앞 AI공학관 길목,운동장 초입,2000,0,173.0,65.0,1,22.0,0.0,0.0,97.0,0.1132586934102918,0.0
163, 운동장 초입,운동장 도보,2000,0,173.0,66.0,1,22.0,0.0,0.0,8.0,0.015689392360598953,0.0
164, 운동장 초입,운동장 도보,2000,0,173.0,65.0,1,22.0,0.0,0.0,12.0,0.015689392360598953,0.0
165, 운동장 도보,운동장-총학생회관 길목,2000,0,173.0,65.0,1,22.0,0.0,0.0,44.0,0.04170070801603717,-89.6017939829128
166, 운동장 도보,운동장-총학생회관 길목,2000,0,173.0,66.0,1,22.0,0.0,0.0,51.0,0.04170070801603717,-89.6017939829128
167, 운동장-총학생회관 길목,총학생회관 횡단보도,2000,0,173.0,65.0,1,22.0,0.0,0.0,40.0,0.05331698457377089,-88.77824993096002
168, 운동장-총학생회관 길목,총학생회관 횡단보도,2000,0,173.0,66.0,1,22.0,0.0,0.0,39.0,0.05331698457377089,-88.77824993096002
169, 총학생회관 횡단보도,총학생회관 앞 길목,2000,0,173.0,65.0,1,22.0,0.0,0.0,16.0,0.018482601078450022,-89.61401844194782
170, 총학생회관 횡단보도,총학생회관 앞 길목,2000,0,173.0,66.0,1,22.0,0.0,0.0,17.0,0.018482601078450022,-89.61401844194782
171, 총학생회관 앞 길목,총학생회관 정문 길목,2000,0,173.0,66.0,1,22.0,0.0,0.0,7.0,0.011575605595276114,-89.3056985801443
172, 총학생회관 앞 길목,총학생회관 정문 길목,2000,0,173.0,65.0,1,22.0,0.0,0.0,9.0,0.011575605595276114,-89.3056985801443
173, 총학생회관 정문 길목,중앙도서관-총학생회관 길목,2000,0,173.0,65.0,1,22.0,0.0,0.0,39.0,0.04886594939235726,-89.11690927379364
174, 총학생회관 정문 길목,중앙도서관-총학생회관 길목,2000,0,173.0,66.0,1,22.0,0.0,0.0,41.0,0.04886594939235726,-89.11690927379364
175, 중앙도서관-총학생회관 길목,중앙도서관 횡단보도,2000,0,173.0,66.0,1,22.0,0.0,0.0,17.0,0.01957971023478734,-89.48228216910887
176, 중앙도서관-총학생회관 길목,중앙도서관 횡단보도,2000,0,173.0,65.0,1,22.0,0.0,0.0,19.0,0.01957971023478734,-89.48228216910887
177, 중앙도서관 횡단보도,중앙도서관 길목,2000,0,173.0,66.0,1,22.0,0.0,0.0,28.0,0.037869902236779586,89.71207202029682
178, 중앙도서관 횡단보도,중앙도서관 길목,2000,0,173.0,65.0,1,22.0,0.0,0.0,28.0,0.037869902236779586,89.71207202029682
179, 중앙도서관 길목,중앙도서관 정문 길목,2000,0,173.0,65.0,1,22.0,0.0,0.0,17.0,0.02024245910298387,-88.34359379490371
180, 중앙도서관 길목,중앙도서관 정문 길목,2000,0,173.0,66.0,1,22.0,0.0,0.0,20.0,0.02024245910298387,-88.34359379490371
181, 중앙도서관 정문 길목,중앙도서관 흡연구역 입구,2000,0,173.0,66.0,0,22.0,0.0,0.0,40.0,0.04619865161436956,86.22406490331136
182, 중앙도서관 정문 길목,중앙도서관 흡연구역 입구,2000,0,173.0,65.0,1,22.0,0.0,0.0,34.0,0.04619865161436956,86.22406490331136
183, 중앙도서관 흡연구역 입구,교육대학원-중앙도서관 길목,2000,0,173.0,66.0,0,22.0,0.0,0.0,24.0,0.02883387047688575,0.0
184, 중앙도서관 흡연구역 입구,교육대학원-중앙도서관 길목,2000,0,173.0,65.0,1,22.0,0.0,0.0,19.0,0.02883387047688575,0.0
185, 교육대학원-중앙도서관 길목,교육대학원 무당이 정류장,2000,0,173.0,66.0,0,22.0,0.0,0.0,38.0,0.04939161464612843,85.96393050992563
186, 교육대학원-중앙도서관 길목,교육대학원 무당이 정류장,2000,0,173.0,65.0,1,22.0,0.0,0.0,37.0,0.04939161464612843,85.96393050992563
187, 교육대학원 무당이 정류장,교육대학원 앞 횡단보도,2000,0,173.0,66.0,0,22.0,0.0,0.0,18.0,0.018647622023670648,0.0
188, 교육대학원 무당이 정류장,교육대학원 앞 횡단보도,2000,0,173.0,65.0,1,22.0,0.0,0.0,17.0,0.018647622023670648,0.0
189, 교육대학원 앞 횡단보도,바람개비동산 앞 횡단보도,2000,0,173.0,66.0,0,22.0,0.0,0.0,9.0,0.01033202175580085,0.0
190, 교육대학원 앞 횡단보도,바람개비동산 앞 횡단보도,2000,0,173.0,65.0,1,22.0,0.0,0.0,6.0,0.01033202175580085,0.0
191, 바람개비동산 앞 횡단보도,바람개비동산 코너,2000,0,173.0,65.0,1,22.0,0.0,0.0,10.0,0.013289524135084739,-86.19842022519668
192, 바람개비동산 앞 횡단보도,교육대학원 쪽문,2000,0,173.0,66.0,0,22.0,0.0,0.0,13.0,0.02210791265815575,-83.69215820084018
193, 바람개비동산 코너,바람개비동산 보도,2000,0,173.0,65.0,1,22.0,0.0,0.0,15.0,0.01611990728991885,89.07647733349258
194, 교육대학원 쪽문,바람개비동산 코너,2000,0,173.0,66.0,0,22.0,0.0,0.0,13.0,0.012499104922339414,0.0
195, 바람개비동산 코너,바람개비동산 보도,2000,0,173.0,66.0,0,22.0,0.0,0.0,15.0,0.01611990728991885,89.07647733349258
196, 바람개비동산 보도,바람개비동산 보도 끝,2000,0,173.0,65.0,1,22.0,0.0,0.0,40.0,0.053112742875260514,-87.4657073605586
198, 바람개비동산 보도,바람개비동산쪽 과속방지턱,2000,0,173.0,66.0,0,22.0,0.0,0.0,34.0,0.052654072191758355,-87.48756482240971
199, 바람개비동산쪽 과속방지턱,바람개비쪽 코너,2000,0,173.0,65.0,1,22.0,0.0,0.0,18.0,0.02297676903623021,-88.53757111878855
200, 바람개비동산쪽 과속방지턱,바람개비쪽 코너,2000,0,173.0,66.0,0,22.0,0.0,0.0,15.0,0.02297676903623021,-88.53757111878855
201, 바람개비쪽 코너,대학원 앞 길목,2000,0,173.0,65.0,1,22.0,0.0,0.0,31.0,0.037206638882851195,-85.74427680171878
202, 바람개비쪽 코너,대학원 앞 길목,2000,0,173.0,66.0,0,22.0,0.0,0.0,26.0,0.037206638882851195,-85.74427680171878
203, 대학원 앞 길목,바람개비동산 - 대학원 길목,2000,0,173.0,66.0,0,22.0,0.0,0.0,9.0,0.013873655251566318,-88.86457452244034
204, 대학원 앞 길목,대학원 정문,2000,0,173.0,65.0,1,22.0,0.0,0.0,12.0,0.011765553460961718,0.0
205, 대학원 정문,대학원 앞 길목,2000,0,173.0,65.0,1,22.0,0.0,0.0,8.0,0.011765553460961718,0.0
206, 대학원 앞 길목,바람개비동산 - 대학원 길목,2000,0,173.0,65.0,1,22.0,0.0,0.0,9.0,0.013873655251566318,-88.86457452244034
207, 바람개비동산 - 대학원 길목,예음홀 앞 횡단보도,2000,0,173.0,66.0,0,22.0,0.0,0.0,29.0,0.037126681799382756,-89.73410163710082
208, 바람개비동산 - 대학원 길목,예음홀 앞 횡단보도,2000,0,173.0,65.0,1,22.0,0.0,0.0,26.0,0.037126681799382756,-89.73410163710082
209, 예음홀 앞 횡단보도,예술대학 흡연구역,2000,0,173.0,65.0,1,22.0,0.0,0.0,9.0,0.013220552037918847,87.47669315488241
210, 예술대학 흡연구역,예음홀 앞 횡단보도,2000,0,173.0,65.0,1,22.0,0.0,0.0,10.0,0.013220552037918847,-87.47669315488241
211, 예음홀 앞 횡단보도,예음홀-예술대학2 입구,2000,0,173.0,66.0,0,22.0,0.0,0.0,38.0,0.026576932055854027,-75.11659429421813
212, 예음홀-예술대학2 입구,예술대학-예음홀 횡단보도,2000,0,173.0,66.0,0,22.0,0.0,0.0,12.0,0.017233800978170715,-89.01267367783011
213, 예음홀 앞 횡단보도,예술대학-예음홀 횡단보도,2000,0,173.0,65.0,1,22.0,0.0,0.0,18.0,0.020643951512966226,-88.92484322003588
214, 예술대학-예음홀 횡단보도,예술대학-예음홀 올라가는 횡단보도,2000,0,173.0,66.0,0,22.0,0.0,0.0,13.0,0.016257144350203194,-89.50976682749506
215, 예술대학-예음홀 횡단보도,예술대학-예음홀 올라가는 횡단보도,2000,0,173.0,65.0,1,22.0,0.0,0.0,13.0,0.016257144350203194,-89.50976682749506
216, 예술대학-예음홀 올라가는 횡단보도,구ROTC 뒤 횡단보도,2000,0,173.0,65.0,1,22.0,0.0,0.0,31.0,0.0373074114527378,-89.28751765316441
217, 예술대학-예음홀 올라가는 횡단보도,구ROTC 뒤 횡단보도,2000,0,173.0,66.0,0,22.0,0.0,0.0,37.0,0.0373074114527378,-89.28751765316441
218, 구ROTC 뒤 횡단보도,예술대학 무당이정류장,2000,0,173.0,66.0,0,22.0,0.0,0.0,22.0,0.019301981613441595,-88.99471945736236
219, 구ROTC 뒤 횡단보도,구ROTC코너,2000,0,173.0,65.0,1,22.0,0.0,0.0,26.0,0.02703360021120999,-89.87834079127694
220, 예술대학 무당이정류장,예술대학 코너,2000,0,173.0,66.0,0,22.0,0.0,0.0,4.0,0.00814972338842827,87.66656717286116
221, 예술대학 코너,예술대학 정문,2000,0,173.0,66.0,0,22.0,0.0,0.0,7.0,0.013745072869584074,0.0
222, 구ROTC코너,예술대학 정문 앞 횡단보도,2000,0,173.0,65.0,1,22.0,0.0,0.0,23.0,0.02321511859315087,70.35848301962302
223, 예술대학 정문,예술대학 무당이정류장,2000,0,173.0,66.0,0,22.0,0.0,0.0,18.0,0.0217337016946089,-83.79808916232389
224, 예술대학 무당이정류장,예술대학 코너,2000,0,173.0,66.0,0,22.0,0.0,0.0,2.0,0.00814972338842827,87.66656717286116
225, 예술대학 정문 앞 횡단보도,예술대학-공대,2000,0,173.0,65.0,1,22.0,0.0,0.0,10.0,0.011445636749905442,89.94179319835612
226, 예술대학-공대,예술대학 정문 앞 횡단보도,2000,0,173.0,65.0,1,22.0,0.0,0.0,9.0,0.011445636749905442,-89.94179319835612
227, 예술대학 코너,예술대학 정문 앞 횡단보도,2000,0,173.0,66.0,0,22.0,0.0,0.0,12.0,0.0211822006419252,-89.89685545988324
228, 예술대학 정문 앞 횡단보도,글로벌센터-예술대학 시작점,2000,0,173.0,66.0,0,22.0,0.0,0.0,50.0,0.07468004789764429,84.43518028699951
229, 예술대학 정문 앞 횡단보도,글로벌센터-예술대학 시작점,2000,0,173.0,65.0,1,22.0,0.0,0.0,59.0,0.07468004789764429,84.43518028699951
230, 글로벌센터-예술대학 시작점,공대-글로벌센터,2000,0,173.0,66.0,0,22.0,0.0,0.0,36.0,0.04669539000537145,0.0
231, 글로벌센터-예술대학 시작점,공대-글로벌센터,2000,0,173.0,65.0,1,22.0,0.0,0.0,37.0,0.04669539000537145,0.0
232, 공대-글로벌센터,파스쿠치-공대 횡단보도,2000,0,173.0,66.0,0,22.0,0.0,0.0,10.0,0.016903774593836834,-89.90786106040888
233, 파스쿠치-공대 횡단보도,파스쿠치 앞,2000,0,173.0,66.0,0,22.0,0.0,0.0,8.0,0.011565423177815934,-61.50456784139774
234, 파스쿠치 앞,반도체대학 정문,2000,0,173.0,66.0,0,22.0,0.0,0.0,31.0,0.031027323606880212,89.83121898248088
235, 반도체대학 정문,반도체대학 무당이정류장,2000,0,173.0,66.0,0,22.0,0.0,0.0,10.0,0.0164180135442759,0.0
236, 반도체대학 무당이정류장,반도체대학 코너,2000,0,173.0,66.0,0,22.0,0.0,0.0,11.0,0.01264054587192205,0.0
237, 반도체대학 코너,비전타워-반도체대학동산 횡단보도,2000,0,173.0,66.0,0,22.0,0.0,0.0,20.0,0.0238252645918471,0.0
240, 비전타워-반도체대학동산 횡단보도,비전타워-가천대학교 분기점,2000,0,173.0,66.0,0,22.0,0.0,0.0,18.0,0.026837858617868592,-86.9275563312006
241, 반도체대학 정문,반도체대학 무당이정류장,2000,0,173.0,65.0,1,22.0,0.0,0.0,9.0,0.0164180135442759,0.0
242, 반도체대학 무당이정류장,반도체대학 코너,2000,0,173.0,65.0,1,22.0,0.0,0.0,5.0,0.01264054587192205,0.0
243, 비전타워-가천대학교 분기점,비전타워-가천대학교 코너,2000,0,173.0,66.0,0,22.0,0.0,0.0,21.0,0.030014385884916103,0.0
244, 반도체대학 코너,비전타워-반도체대학,2000,0,173.0,65.0,1,22.0,0.0,0.0,14.0,0.0209627703928093,0.0
247, 비전타워-반도체대학,비전타워-가천대학교 분기점,2000,0,173.0,65.0,1,22.0,0.0,0.0,19.0,0.026739516130239265,-86.93879329404466
248, 비전타워-가천대학교 분기점,비전타워 쪽문,2000,0,173.0,65.0,1,22.0,0.0,0.0,9.0,0.012396137490274834,0.0
249, 비전타워 쪽문,비전타워-가천대학교 코너,2000,0,173.0,65.0,1,22.0,0.0,0.0,14.0,0.018097596807894203,0.0
250, 비전타워-가천대학교 코너,비전타워 정문,2000,0,173.0,66.0,0,22.0,0.0,0.0,51.0,0.06410842606365887,0.0
251, 비전타워-반도체대학동산 횡단보도,반도체대학 앞 동산 횡단보도,2000,0,173.0,65.0,1,20.0,0.0,0.0,20.0,0.022740631218881036,0.0
252, 반도체대학 앞 동산 횡단보도,파스쿠치 앞,2000,0,173.0,65.0,1,20.0,0.0,0.0,46.0,0.05796208204793505,-89.68470278469094
253, 공과대학 1 정문,공대 분기점,2000,0,173.0,65.0,1,20.0,0.0,0.0,23.0,0.030500435496317365,-89.12629461447864
254, 공대 분기점,가천관 - 구 ROTC,2000,0,173.0,65.0,1,20.0,0.0,0.0,63.0,0.06420519443766182,89.56206963964509
255, 가천관 - 구 ROTC,가천관-예술대학2,2000,0,173.0,65.0,1,20.0,0.0,0.0,46.0,0.05995840791564111,88.28283245312524
256, 가천관-예술대학2,글로벌센터 가천관 분기점,2000,0,173.0,65.0,1,20.0,0.0,0.0,27.0,0.026270856589441755,0.0
257, 글로벌센터 가천관 분기점,가천관 코너,2000,0,173.0,65.0,1,20.0,0.0,0.0,5.0,0.013899696621259179,0.0
258, 가천관 코너,가천관 더 내려가는 길,2000,0,173.0,65.0,1,20.0,0.0,0.0,7.0,0.01386930741991203,89.7351176271295
259, 가천관 더 내려가는 길,가천관 내려가는 길,2000,0,173.0,65.0,1,20.0,0.0,0.0,13.0,0.017815353549611487,-88.97936340080533
260, 가천관 내려가는 길,가천고개 시작 횡단보도,2000,0,173.0,65.0,1,20.0,0.0,0.0,12.0,0.019908388073786264,89.42968552945658
261, 가천고개 시작 횡단보도,가천고개 올라가는 길,2000,0,173.0,65.0,1,20.0,0.0,0.0,55.0,0.06251613196392493,89.47326329379786
262, 가천고개 올라가는 길,교육대학원 학식,2000,0,173.0,65.0,1,20.0,0.0,0.0,45.0,0.052444309516773854,89.47285038444276
263, 교육대학원 학식,교육대학원 옆 횡단보도,2000,0,173.0,65.0,1,20.0,0.0,0.0,10.0,0.013401131030285198,89.3020088503183
264, 교육대학원 옆 횡단보도,교육대학원 쪽문,2000,0,173.0,65.0,1,20.0,0.0,0.0,15.0,0.022611344743864403,83.54971596399955
265, 교육대학원 쪽문,교육대학원 앞 횡단보도,2000,0,173.0,65.0,1,20.0,0.0,0.0,13.0,0.018088148578229823,84.83218662523609
266, 교육대학원 앞 횡단보도,교육대학원 무당이 정류장,2000,0,173.0,65.0,1,20.0,0.0,0.0,13.0,0.018647622023670648,0.0
267, 교육대학원 무당이 정류장,교육대학원-중앙도서관 길목,2000,0,173.0,65.0,1,20.0,0.0,0.0,38.0,0.04939161464612843,-85.96393050992563
268, 교육대학원-중앙도서관 길목,중앙도서관 흡연구역 입구,2000,0,173.0,65.0,1,20.0,0.0,0.0,21.0,0.02883387047688575,0.0
269, 중앙도서관 흡연구역 입구,중앙도서관 정문 길목,2000,0,173.0,65.0,1,20.0,0.0,0.0,34.0,0.04619865161436956,-86.22406490331136
270, 중앙도서관 정문 길목,중앙도서관 정문,2000,0,173.0,65.0,1,20.0,0.0,0.0,18.0,0.01903050666269261,0.0
271, 중앙도서관 정문,중앙도서관 길목,2000,0,173.0,65.0,1,13.0,0.0,0.0,32.0,0.028591245866927923,87.66107477286548
272, 중앙도서관 길목,중앙도서관 횡단보도,2000,0,173.0,65.0,1,13.0,0.0,0.0,26.0,0.037869902236779586,-89.71207202029682
273, 중앙도서관 횡단보도,중앙도서관-총학생회관 길목,2000,0,173.0,65.0,1,13.0,0.0,0.0,18.0,0.01957971023478734,89.48228216910887
274, 중앙도서관-총학생회관 길목,총학생회관 정문 길목,2000,0,173.0,65.0,1,13.0,0.0,0.0,40.0,0.04886594939235726,89.11690927379364
275, 총학생회관 정문 길목,총학생회관 무당이 정류장,2000,0,173.0,65.0,1,13.0,0.0,0.0,7.0,0.00892950372650068,-89.76228324813825
276, 총학생회관 더 내려가는 길목,AI공학관 더 올라가는 길목,2000,0,173.0,65.0,1,13.0,0.0,0.0,19.0,0.024751754641411057,-89.71055986210361
277, AI공학관 더 올라가는 길목,AI공학관 올라가는 길목,2000,0,173.0,65.0,1,13.0,0.0,0.0,10.0,0.013034465235654574,-89.74201422138862
278, AI공학관 올라가는 길목,AI공학관 길목,2000,0,173.0,65.0,1,13.0,0.0,0.0,46.0,0.053766989853744236,-89.69179205063061
279, AI공학관 길목,AI공학관 1층 흡연장 정문,2000,0,173.0,65.0,1,13.0,0.0,0.0,62.0,0.07709506083444671,89.48250030337415
280, AI공학관 1층 흡연장 정문,AI공학관 흡연장 코너,2000,0,173.0,65.0,1,13.0,0.0,0.0,6.0,0.008500172492682964,-89.04513937287659
281, AI공학관 흡연장 코너,AI공학관 1층 흡연장 정문,2000,0,173.0,65.0,1,13.0,0.0,0.0,4.0,0.008500172492682964,89.04513937287659
282, AI공학관 1층 흡연장 정문,AI공학관 흡연장 코너,2000,0,173.0,65.0,1,0.0,0.0,0.0,19.0,0.008500172492682964,-89.04513937287659
283, AI공학관 흡연장 코너,AI공학관 1층 흡연장 정문,2000,0,173.0,66.0,1,25.0,0.0,0.0,14.0,0.008500172492682964,89.04513937287659
284, AI공학관 1층 흡연장 정문,AI공학관 길목,2000,0,173.0,66.0,1,25.0,0.0,0.0,55.0,0.07709506083444671,-89.48250030337415
285, AI공학관 흡연장 코너,AI공학관 길목,2000,0,173.0,65.0,1,0.0,0.0,0.0,66.0,0.08556722784903908,-89.38913768260855
286, AI공학관 길목,AI공학관 올라가는 길목,2000,0,173.0,66.0,1,25.0,0.0,0.0,48.0,0.053766989853744236,89.69179205063061
287, AI공학관 길목,AI공학관 올라가는 길목,2000,0,173.0,65.0,1,0.0,0.0,0.0,46.0,0.053766989853744236,89.69179205063061
288, AI공학관 올라가는 길목,AI공학관 더 올라가는 길목,2000,0,173.0,66.0,1,25.0,0.0,0.0,14.0,0.013034465235654574,89.74201422138862
289, AI공학관 올라가는 길목,AI공학관 더 올라가는 길목,2000,0,173.0,65.0,1,0.0,0.0,0.0,13.0,0.013034465235654574,89.74201422138862
290, AI공학관 더 올라가는 길목,총학생회관 더 내려가는 길목,2000,0,173.0,66.0,1,25.0,0.0,0.0,18.0,0.024751754641411057,89.71055986210361
291, AI공학관 더 올라가는 길목,총학생회관 더 내려가는 길목,2000,0,173.0,65.0,1,0.0,0.0,0.0,19.0,0.024751754641411057,89.71055986210361
292, 총학생회관 무당이 정류장,총학생회관 정문 길목,2000,0,173.0,66.0,1,25.0,0.0,0.0,2.0,0.00892950372650068,89.76228324813825
293, 총학생회관 무당이 정류장,총학생회관 정문 길목,2000,0,173.0,65.0,1,0.0,0.0,0.0,7.0,0.00892950372650068,89.76228324813825
294, 총학생회관 정문 길목,중앙도서관-총학생회관 길목,2000,0,173.0,65.0,1,0.0,0.0,0.0,43.0,0.04886594939235726,-89.11690927379364
295, 중앙도서관-총학생회관 길목,중앙도서관 횡단보도,2000,0,173.0,65.0,1,0.0,0.0,0.0,15.0,0.01957971023478734,-89.48228216910887
296, 중앙도서관 정문,중앙도서관 정문 길목,2000,0,173.0,66.0,2,25.0,0.0,0.0,15.0,0.01903050666269261,0.0
297, 중앙도서관 정문 길목,중앙도서관 흡연구역 입구,2000,0,173.0,66.0,2,25.0,0.0,0.0,32.0,0.04619865161436956,86.22406490331136
298, 중앙도서관 흡연구역 입구,교육대학원-중앙도서관 길목,2000,0,173.0,66.0,2,25.0,0.0,0.0,19.0,0.02883387047688575,0.0
299, 교육대학원-중앙도서관 길목,교육대학원 무당이 정류장,2000,0,173.0,66.0,2,25.0,0.0,0.0,38.0,0.04939161464612843,85.96393050992563
300, 교육대학원 무당이 정류장,교육대학원 앞 횡단보도,2000,0,173.0,66.0,2,25.0,0.0,0.0,10.0,0.018647622023670648,0.0
301, 교육대학원 앞 횡단보도,교육대학원 쪽문,2000,0,173.0,66.0,2,25.0,0.0,0.0,13.0,0.018088148578229823,-84.83218662523609
302, 교육대학원 쪽문,교육대학원 옆 횡단보도,2000,0,173.0,66.0,2,25.0,0.0,0.0,15.0,0.022611344743864403,-83.54971596399955
303, 교육대학원 옆 횡단보도,바람개비동산쪽 횡단보도,2000,0,173.0,66.0,2,25.0,0.0,0.0,8.0,0.010955503175332277,0.0
304, 바람개비동산쪽 횡단보도,가천고개 내려가는 길,2000,0,173.0,66.0,2,25.0,0.0,0.0,37.0,0.06245734140010508,-89.47375861244018
305, 가천고개 내려가는 길,가천고개 끝,2000,0,173.0,66.0,2,25.0,0.0,0.0,30.0,0.0479354735013592,-89.59610958413327
306, 가천고개 끝,가천고개 향하는 횡단보도,2000,0,173.0,66.0,2,25.0,0.0,0.0,10.0,0.017697694546870483,0.0
307, 가천고개 향하는 횡단보도,가천관 내려가는 길,2000,0,173.0,66.0,2,25.0,0.0,0.0,8.0,0.012684071888020246,-89.63663297854822
308, 가천관 내려가는 길,가천관 더 내려가는 길,2000,0,173.0,66.0,2,25.0,0.0,0.0,13.0,0.017815353549611487,88.97936340080533
309, 가천관 더 내려가는 길,글로벌센터 가천관 분기점,2000,0,173.0,66.0,2,25.0,0.0,0.0,11.0,0.018671311587358085,-89.64340882020043
310, 글로벌센터 가천관 분기점,가천관 정문,2000,0,173.0,66.0,2,25.0,0.0,0.0,29.0,0.03978748300673224,0.0
311, 가천관 정문,가천관 길목,2000,0,173.0,66.0,2,25.0,0.0,0.0,29.0,0.04414220642988153,0.0
312, 가천관 길목,공과대학-가천관 횡단보도,2000,0,173.0,66.0,2,25.0,0.0,0.0,21.0,0.025574579141661988,0.0
313, 공과대학-가천관 횡단보도,비전타워-바나연 횡단보도,2000,0,173.0,66.0,2,25.0,0.0,0.0,84.0,0.12449744650924112,-89.3141502365394
314, 비전타워-바나연 횡단보도,비전타워-반도체대학동산 횡단보도,2000,0,173.0,66.0,2,25.0,0.0,0.0,19.0,0.027574394561825238,0.0
315, 비전타워-반도체대학동산 횡단보도,비전타워 쪽문,2000,0,173.0,66.0,2,25.0,0.0,0.0,21.0,0.03552115880212925,-85.93640219865576
316, 비전타워 쪽문,비전타워-가천대학교 코너,2000,0,173.0,66.0,2,25.0,0.0,0.0,12.0,0.018097596807894203,0.0
317, 비전타워-가천대학교 코너,비전타워 정문,2000,0,173.0,66.0,2,25.0,0.0,0.0,43.0,0.06410842606365887,0.0
318, 비전타워 정문,가천대학교 1번출구,2000,0,173.0,66.0,2,25.0,0.0,0.0,23.0,0.03227820242010228,-83.8589419814735
319, 중앙도서관 길목,중앙도서관 정문 길목,2000,0,173.0,65.0,1,23.0,0.0,0.0,14.0,0.02024245910298387,-88.34359379490371
320, 중앙도서관 정문 길목,중앙도서관 흡연구역 입구,2000,0,173.0,65.0,1,23.0,0.0,0.0,36.0,0.04619865161436956,86.22406490331136
321, 중앙도서관 흡연구역 입구,교육대학원-중앙도서관 길목,2000,0,173.0,65.0,1,23.0,0.0,0.0,21.0,0.02883387047688575,0.0
322, 교육대학원-중앙도서관 길목,교육대학원 무당이 정류장,2000,0,173.0,65.0,1,23.0,0.0,0.0,39.0,0.04939161464612843,85.96393050992563
323, 교육대학원 무당이 정류장,교육대학원 앞 횡단보도,2000,0,173.0,65.0,1,23.0,0.0,0.0,14.0,0.018647622023670648,0.0
324, 교육대학원 앞 횡단보도,교육대학원 쪽문,2000,0,173.0,65.0,1,23.0,0.0,0.0,18.0,0.018088148578229823,-84.83218662523609
325, 광장계단 근처,공대쪽문,1999,1,178.1,69.7,2,19.8,10.1,10.0,10.5,0.10418404047617312,-88.84503836188698
326, 광장계단 근처,공대쪽문,1999,1,178.1,69.7,2,19.8,10.1,10.0,10.5,0.10418404047617312,-88.84503836188698
327, 광장계단 근처,공대쪽문,1999,1,178.1,69.7,2,19.8,10.1,10.0,10.5,0.10418404047617312,-88.84503836188698
328, 광장계단 근처,공대쪽문,1999,1,178.1,69.7,2,19.8,10.1,10.0,10.5,0.10418404047617312,-88.84503836188698
329, 광장계단 근처,공대쪽문,1999,1,178.1,69.7,2,19.8,10.1,10.0,10.5,0.10418404047617312,-88.84503836188698
330, 광장계단 근처,공대쪽문,1999,1,178.1,69.7,2,19.8,10.1,10.0,10.5,0.10418404047617312,-88.84503836188698
331, 광장계단 근처,공대쪽문,1999,1,178.1,69.7,2,19.8,10.1,10.0,10.5,0.10418404047617312,-88.84503836188698
332, 중앙도서관 정문,중앙도서관 정문 길목,2000,0,173.0,65.0,2,14.0,20.0,0.0,11.0,0.01903050666269261,0.0
333, 중앙도서관 정문 길목,중앙도서관 길목,2000,0,173.0,65.0,2,14.0,20.0,0.0,8.0,0.02024245910298387,88.34359379490371
334, 중앙도서관 길목,중앙도서관 횡단보도,2000,0,173.0,65.0,2,14.0,20.0,0.0,25.0,0.037869902236779586,-89.71207202029682
335, 중앙도서관 횡단보도,중앙도서관-총학생회관 길목,2000,0,173.0,65.0,2,14.0,20.0,0.0,12.0,0.01957971023478734,89.48228216910887
336, 중앙도서관-총학생회관 길목,총학생회관 정문 길목,2000,0,173.0,65.0,2,14.0,20.0,0.0,30.0,0.04886594939235726,89.11690927379364
337, 총학생회관 정문 길목,총학생회관 무당이 정류장,2000,0,173.0,65.0,2,14.0,20.0,0.0,5.0,0.00892950372650068,-89.76228324813825
338, 총학생회관 무당이 정류장,총학생회관 정문 길목,2000,0,173.0,65.0,2,14.0,20.0,0.0,7.0,0.00892950372650068,89.76228324813825
339, 총학생회관 정문 길목,중앙도서관 횡단보도,2000,0,173.0,65.0,2,14.0,20.0,0.0,44.0,0.06840784460579684,-89.26564859034701
340, 중앙도서관 횡단보도,중앙도서관 흡연구역 입구,2000,0,173.0,65.0,2,14.0,20.0,0.0,76.0,0.10423947381394223,89.20750258321038
341, 중앙도서관 흡연구역 입구,교육대학원-중앙도서관 길목,2000,0,173.0,65.0,2,14.0,20.0,0.0,22.0,0.02883387047688575,0.0
342, 교육대학원-중앙도서관 길목,교육대학원 무당이 정류장,2000,0,173.0,65.0,2,14.0,20.0,0.0,38.0,0.04939161464612843,85.96393050992563
343, 교육대학원 무당이 정류장,교육대학원 앞 횡단보도,2000,0,173.0,65.0,2,14.0,20.0,0.0,11.0,0.018647622023670648,0.0
344, 교육대학원 앞 횡단보도,바람개비동산 앞 횡단보도,2000,0,173.0,65.0,2,14.0,20.0,0.0,9.0,0.01033202175580085,0.0
345, 바람개비동산 앞 횡단보도,바람개비동산 코너,2000,0,173.0,65.0,2,14.0,20.0,0.0,11.0,0.013289524135084739,-86.19842022519668
346, 바람개비동산 코너,바람개비동산 보도,2000,0,173.0,65.0,2,14.0,20.0,0.0,13.0,0.01611990728991885,89.07647733349258
347, 바람개비동산 보도,바람개비동산쪽 과속방지턱,2000,0,173.0,65.0,2,14.0,20.0,0.0,35.0,0.052654072191758355,-87.48756482240971
348, 바람개비동산쪽 과속방지턱,바람개비쪽 코너,2000,0,173.0,65.0,2,14.0,20.0,0.0,15.0,0.02297676903623021,-88.53757111878855
349, 바람개비쪽 코너,대학원 앞 길목,2000,0,173.0,65.0,2,14.0,20.0,0.0,24.0,0.037206638882851195,-85.74427680171878
350, 대학원 앞 길목,대학원 정문,2000,0,173.0,65.0,2,14.0,20.0,0.0,7.0,0.011765553460961718,0.0
351, 대학원 정문,대학원 앞 길목,2000,0,173.0,65.0,2,14.0,20.0,0.0,5.0,0.011765553460961718,0.0
352, 대학원 앞 길목,바람개비동산 - 대학원 길목,2000,0,173.0,65.0,2,14.0,20.0,0.0,9.0,0.013873655251566318,-88.86457452244034
353, 바람개비동산 - 대학원 길목,예음홀 앞 횡단보도,2000,0,173.0,65.0,2,14.0,20.0,0.0,25.0,0.037126681799382756,-89.73410163710082
354, 예음홀 앞 횡단보도,예음홀-예술대학2 입구,2000,0,173.0,65.0,2,14.0,20.0,0.0,22.0,0.026576932055854027,-75.11659429421813
355, 예음홀-예술대학2 입구,예술대학-예음홀 횡단보도,2000,0,173.0,65.0,2,14.0,20.0,0.0,10.0,0.017233800978170715,-89.01267367783011
356, 예술대학-예음홀 횡단보도,예술대학 흡연구역,2000,0,173.0,65.0,2,14.0,20.0,0.0,18.0,0.02484855270455229,88.98316591237096
357, 예술대학 흡연구역,예음홀 앞 횡단보도,2000,0,173.0,65.0,2,14.0,20.0,0.0,12.0,0.013220552037918847,-87.47669315488241
358, 예음홀 앞 횡단보도,예술대학-예음홀 횡단보도,2000,0,173.0,65.0,2,14.0,20.0,0.0,14.0,0.020643951512966226,-88.92484322003588
359, 예술대학-예음홀 횡단보도,예술대학-예음홀 올라가는 횡단보도,2000,0,173.0,65.0,2,14.0,20.0,0.0,12.0,0.016257144350203194,-89.50976682749506
360, 예술대학-예음홀 올라가는 횡단보도,구ROTC 뒤 횡단보도,2000,0,173.0,65.0,2,14.0,20.0,0.0,27.0,0.0373074114527378,-89.28751765316441
361, 구ROTC 뒤 횡단보도,예술대학 무당이정류장,2000,0,173.0,65.0,2,14.0,20.0,0.0,27.0,0.019301981613441595,-88.99471945736236
362, 예술대학 무당이정류장,예술대학 코너,2000,0,173.0,65.0,2,14.0,20.0,0.0,6.0,0.00814972338842827,87.66656717286116
363, 예술대학 코너,예술대학-공대,2000,0,173.0,65.0,2,14.0,20.0,0.0,11.0,0.024878943113485128,-87.1514324443136
364, 예술대학-공대,구ROTC코너,2000,0,173.0,65.0,2,14.0,20.0,0.0,8.0,0.016195808886309896,-89.91810901197715
365, 구ROTC코너,구 ROTC앞 횡단보도,2000,0,173.0,65.0,2,14.0,20.0,0.0,41.0,0.05879277556759533,-88.80765325979787
366, 구 ROTC앞 횡단보도,공대쪽문 앞 횡반보도,2000,0,173.0,65.0,2,14.0,20.0,0.0,4.0,0.010813865118599305,-88.30482739453123
367, 공대쪽문 앞 횡반보도,글로벌센터 내려가는 계단,2000,0,173.0,65.0,2,14.0,20.0,0.0,14.0,0.02074491361244966,87.77550074846222
368, 글로벌센터 내려가는 계단,가천관 - 구 ROTC,2000,0,173.0,65.0,2,14.0,20.0,0.0,9.0,0.013706459363799054,89.93393794421443
369, 가천관 - 구 ROTC,가천관 앞 엘리베이터,2000,0,173.0,65.0,2,14.0,20.0,0.0,7.0,0.01354802328550384,0.0
370, 가천관 앞 엘리베이터,반도체대학 앞 동산 끝,2000,0,173.0,65.0,2,14.0,20.0,0.0,8.0,0.009969343471123413,89.71440171269417
371, 반도체대학 앞 동산 끝,반도체대학 앞 동산,2000,0,173.0,65.0,2,14.0,20.0,0.0,50.0,0.08124292509561092,-89.08735626748356
372, 반도체대학 앞 동산,반도체대학 앞 동산 횡단보도,2000,0,173.0,65.0,2,14.0,20.0,0.0,43.0,0.06306487219639041,-89.31826783162414
373, 반도체대학 앞 동산 횡단보도,비전타워-반도체대학동산 횡단보도,2000,0,173.0,65.0,2,14.0,20.0,0.0,15.0,0.022740631218881036,0.0
374, 비전타워-반도체대학동산 횡단보도,비전타워-바나연 횡단보도,2000,0,173.0,65.0,2,14.0,20.0,0.0,16.0,0.027574394561825238,0.0
375, 비전타워-바나연 횡단보도,바나연 코너 횡단보도,2000,0,173.0,65.0,2,14.0,20.0,0.0,8.0,0.013488598700853605,0.0
376, 바나연 코너 횡단보도,광장계단 근처,2000,0,173.0,65.0,2,14.0,20.0,0.0,14.0,0.016042401238334458,86.93904247503949
377, 광장계단 근처,반도체대학 앞 동산 횡단보도,2000,0,173.0,65.0,2,14.0,20.0,0.0,30.0,0.04199530697230977,-82.03126868001293
378, 반도체대학 앞 동산 횡단보도,반도체대학 코너,2000,0,173.0,65.0,2,14.0,20.0,0.0,11.0,0.01638386516149479,0.0
379, 반도체대학 코너,비전타워-반도체대학,2000,0,173.0,65.0,2,14.0,20.0,0.0,12.0,0.0209627703928093,0.0
380, 비전타워-반도체대학,비전타워-반도체대학동산 횡단보도,2000,0,173.0,65.0,2,14.0,20.0,0.0,3.0,0.007019862118126532,0.0
383, 비전타워-반도체대학동산 횡단보도,비전타워-가천대학교 분기점,2000,0,173.0,65.0,2,14.0,20.0,0.0,18.0,0.026837858617868592,-86.9275563312006
384, 비전타워-가천대학교 분기점,비전타워 쪽문,2000,0,173.0,65.0,2,14.0,20.0,0.0,8.0,0.012396137490274834,0.0
385, 비전타워 쪽문,비전타워-가천대학교 코너,2000,0,173.0,65.0,2,14.0,20.0,0.0,13.0,0.018097596807894203,0.0
386, 비전타워-가천대학교 코너,비전타워 정문,2000,0,173.0,65.0,2,14.0,20.0,0.0,59.0,0.06410842606365887,0.0
387, 비전타워 정문,가천대학교 1번출구,2000,0,173.0,65.0,2,14.0,20.0,0.0,26.0,0.03227820242010228,-83.8589419814735
388, 비전타워-바나연 횡단보도,바나연 코너 횡단보도,2000,0,173.0,65.0,2,14.0,20.0,0.0,8.0,0.013488598700853605,0.0
389, 바나연 코너 횡단보도,광장계단 근처,2000,0,173.0,65.0,2,14.0,20.0,0.0,9.0,0.016042401238334458,86.93904247503949
390, 광장계단 근처,가천관 - 공과대학 횡단보도,2000,0,173.0,65.0,2,14.0,20.0,0.0,98.0,0.10849532636516229,89.38454601906092
391, 가천관 - 공과대학 횡단보도,공과대학-가천관 횡단보도,2000,0,173.0,65.0,2,14.0,20.0,0.0,17.0,0.019015874688172705,0.0
392, 공과대학-가천관 횡단보도,공과대학-산학협력관 계단,2000,0,173.0,65.0,2,14.0,20.0,0.0,65.0,0.06917752593840373,-89.8224599332683
393, 공과대학-산학협력관 계단,공과대학-가천관 횡단보도,2000,0,173.0,65.0,2,14.0,20.0,0.0,50.0,0.06917752593840373,89.8224599332683
394, 공과대학-가천관 횡단보도,바나연 코너 횡단보도,2000,0,173.0,65.0,2,14.0,20.0,0.0,77.0,0.11167449636651591,-89.38478544072646
395, 광장계단 근처,가천관 올라가는 계단,2000,0,173.0,65.0,2,14.0,20.0,0.0,21.0,0.03365512748220759,-89.76521976120053
396, 가천관 올라가는 계단,가천관쪽 계단 끝지점,2000,0,173.0,65.0,2,14.0,20.0,0.0,38.0,0.036617724193623205,89.8854354419033
397, 가천관쪽 계단 끝지점,반도체대학 앞 동산 끝,2000,0,173.0,65.0,2,14.0,20.0,0.0,14.0,0.020774679312000787,0.0
398, 반도체대학 앞 동산 끝,가천관 앞 엘리베이터,2000,0,173.0,65.0,2,14.0,20.0,0.0,7.0,0.009969343471123413,-89.71440171269417
399, 가천관 앞 엘리베이터,가천관 - 구 ROTC,2000,0,173.0,65.0,2,14.0,20.0,0.0,14.0,0.01354802328550384,0.0
400, 가천관 - 구 ROTC,글로벌센터 내려가는 계단,2000,0,173.0,65.0,2,14.0,20.0,0.0,9.0,0.013706459363799054,-89.93393794421443
401, 글로벌센터 내려가는 계단,공대 분기점,2000,0,173.0,65.0,2,14.0,20.0,0.0,40.0,0.05053224816316234,89.16990225092867
402, 공대 분기점,공과대학1 정문 앞,2000,0,173.0,65.0,2,14.0,20.0,0.0,23.0,0.029613020563533293,0.0
403, 공과대학1 정문 앞,공대-글로벌센터,2000,0,173.0,65.0,2,14.0,20.0,0.0,15.0,0.020661023173019655,0.0
404, 공대-글로벌센터,글로벌센터-예술대학 시작점,2000,0,173.0,65.0,2,14.0,20.0,0.0,34.0,0.04669539000537145,0.0
405, 글로벌센터-예술대학 시작점,공대-글로벌센터,2000,0,173.0,65.0,2,14.0,20.0,0.0,38.0,0.04669539000537145,0.0
406, 공대-글로벌센터,파스쿠치-공대 횡단보도,2000,0,173.0,65.0,2,14.0,20.0,0.0,11.0,0.016903774593836834,-89.90786106040888
407, 파스쿠치-공대 횡단보도,파스쿠치 앞,2000,0,173.0,65.0,2,14.0,20.0,0.0,7.0,0.011565423177815934,-61.50456784139774
408, 파스쿠치 앞,반도체대학 코너,2000,0,173.0,65.0,2,14.0,20.0,0.0,51.0,0.058209632971627956,89.68335620554339
410, 반도체대학 코너,비전타워-반도체대학,2000,0,173.0,65.0,2,14.0,20.0,0.0,17.0,0.0209627703928093,0.0
412, 비전타워-반도체대학,가천대학교 비전타워쪽 정문,2000,0,173.0,65.0,2,14.0,20.0,0.0,27.0,0.04616718766674693,-89.54394325143714
413, 가천대학교 비전타워쪽 정문,비전타워 정문 앞 횡단보도,2000,0,173.0,65.0,2,14.0,20.0,0.0,64.0,0.08740623146658665,-89.31995754945082
414, 비전타워 정문 앞 횡단보도,가천대학교 비전타워쪽 정문,2000,0,173.0,65.0,2,14.0,20.0,0.0,69.0,0.08740623146658665,89.31995754945082
415, 가천대학교 비전타워쪽 정문,비전타워-반도체대학,2000,0,173.0,65.0,2,14.0,20.0,0.0,31.0,0.04616718766674693,89.54394325143714
416, 비전타워-반도체대학,반도체대학 코너,2000,0,173.0,65.0,2,14.0,20.0,0.0,16.0,0.0209627703928093,0.0
417, 반도체대학 코너,가천대학교 반도체대학쪽 정문,2000,0,173.0,65.0,2,14.0,20.0,0.0,30.0,0.044975375600115275,-89.55571593865007
418, 중앙도서관 정문 길목,중앙도서관 길목,2000,0,173.0,65.0,1,14.0,0.0,0.0,11.0,0.02024245910298387,88.34359379490371
419, 중앙도서관 길목,중앙도서관 횡단보도,2000,0,173.0,65.0,1,14.0,0.0,0.0,31.0,0.037869902236779586,-89.71207202029682
420, 중앙도서관 횡단보도,중앙도서관-총학생회관 길목,2000,0,173.0,65.0,1,14.0,0.0,0.0,17.0,0.01957971023478734,89.48228216910887
421, 중앙도서관-총학생회관 길목,총학생회관 정문 길목,2000,0,173.0,65.0,1,14.0,0.0,0.0,49.0,0.04886594939235726,89.11690927379364
422, 총학생회관 정문 길목,총학생회관 무당이 정류장,2000,0,173.0,65.0,1,14.0,0.0,0.0,5.0,0.00892950372650068,-89.76228324813825
423, 총학생회관 더 내려가는 길목,AI공학관 더 올라가는 길목,2000,0,173.0,65.0,1,14.0,0.0,0.0,22.0,0.024751754641411057,-89.71055986210361
424, AI공학관 더 올라가는 길목,AI공학관 올라가는 길목,2000,0,173.0,65.0,1,14.0,0.0,0.0,9.0,0.013034465235654574,-89.74201422138862
425, AI공학관 올라가는 길목,AI공학관 길목,2000,0,173.0,65.0,1,14.0,0.0,0.0,43.0,0.053766989853744236,-89.69179205063061
426, AI공학관 길목,AI공학관 흡연장 코너,2000,0,173.0,65.0,1,14.0,0.0,0.0,71.0,0.08556722784903908,89.38913768260855
427, 비전타워-반도체대학동산 횡단보도,광장계단 근처,1999,0,178.0,70.0,2,23.0,0.0,0.0,56.0,0.048313677184790536,80.85132005836968
428, 광장계단 근처,공과대학-가천관 횡단보도,1999,0,178.0,70.0,2,23.0,0.0,0.0,84.0,0.10980530481644805,89.37711557633018
429, 공과대학-가천관 횡단보도,글로벌센터 가천관 분기점,1999,0,178.0,70.0,2,23.0,0.0,0.0,35.0,0.10364052477381852,0.0
430, 글로벌센터 가천관 분기점,가천관 코너,1999,0,178.0,70.0,2,23.0,0.0,0.0,10.0,0.013899696621259179,0.0
431, 가천관 코너,가천관 더 내려가는 길,1999,0,178.0,70.0,2,23.0,0.0,0.0,11.0,0.01386930741991203,89.7351176271295
432, 가천관 더 내려가는 길,가천관 내려가는 길,1999,0,178.0,70.0,2,23.0,0.0,0.0,11.0,0.017815353549611487,-88.97936340080533
433, 가천관 내려가는 길,가천고개 향하는 횡단보도,1999,0,178.0,70.0,2,23.0,0.0,0.0,8.0,0.012684071888020246,89.63663297854822
434, 가천고개 향하는 횡단보도,가천고개 끝,1999,0,178.0,70.0,2,23.0,0.0,0.0,12.0,0.017697694546870483,0.0
435, 가천고개 끝,가천고개 내려가는 길,1999,0,178.0,70.0,2,23.0,0.0,0.0,42.0,0.0479354735013592,89.59610958413327
436, 가천고개 내려가는 길,교육대학원 학식,1999,0,178.0,70.0,2,23.0,0.0,0.0,53.0,0.050830150412549936,89.48907440445699
437, 교육대학원 학식,교육대학원 옆 횡단보도,1999,0,178.0,70.0,2,23.0,0.0,0.0,4.0,0.013401131030285198,89.3020088503183
438, 교육대학원 옆 횡단보도,교육대학원 쪽문,1999,0,178.0,70.0,2,23.0,0.0,0.0,19.0,0.022611344743864403,83.54971596399955
439, 교육대학원 쪽문,교육대학원 앞 횡단보도,1999,0,178.0,70.0,2,23.0,0.0,0.0,14.0,0.018088148578229823,84.83218662523609
440, 교육대학원 앞 횡단보도,교육대학원 무당이 정류장,1999,0,178.0,70.0,2,23.0,0.0,0.0,13.0,0.018647622023670648,0.0
441, 교육대학원 무당이 정류장,교육대학원-중앙도서관 길목,1999,0,178.0,70.0,2,23.0,0.0,0.0,36.0,0.04939161464612843,-85.96393050992563
442, 교육대학원-중앙도서관 길목,중앙도서관 흡연구역 입구,1999,0,178.0,70.0,2,23.0,0.0,0.0,17.0,0.02883387047688575,0.0
443, 중앙도서관 흡연구역 입구,중앙도서관 정문 길목,1999,0,178.0,70.0,2,23.0,0.0,0.0,33.0,0.04619865161436956,-86.22406490331136
444, 중앙도서관 정문 길목,중앙도서관 길목,1999,0,178.0,70.0,2,23.0,0.0,0.0,15.0,0.02024245910298387,88.34359379490371
445, 중앙도서관 길목,중앙도서관 횡단보도,1999,0,178.0,70.0,2,23.0,0.0,0.0,20.0,0.037869902236779586,-89.71207202029682
446, 중앙도서관 횡단보도,총학생회관 무당이 정류장,1999,0,178.0,70.0,2,23.0,0.0,0.0,50.0,0.06882633232503003,88.76198803455307
447, 총학생회관 더 내려가는 길목,AI공학관 더 올라가는 길목,1999,0,178.0,70.0,2,23.0,0.0,0.0,20.0,0.024751754641411057,-89.71055986210361
448, AI공학관 더 올라가는 길목,AI공학관 올라가는 길목,1999,0,178.0,70.0,2,23.0,0.0,0.0,10.0,0.013034465235654574,-89.74201422138862
449, AI공학관 올라가는 길목,AI공학관 길목,1999,0,178.0,70.0,2,23.0,0.0,0.0,39.0,0.053766989853744236,-89.69179205063061
450, AI공학관 길목,AI공학관 1층 흡연장 정문,1999,0,178.0,70.0,2,23.0,0.0,0.0,60.0,0.07709506083444671,89.48250030337415
451, 반도체대학 정문,반도체대학 무당이정류장,2000,0,173.0,65.0,0,24.0,0.0,0.0,5.0,0.0164180135442759,0.0
452, 반도체대학 무당이정류장,반도체대학 정문,2000,0,173.0,65.0,0,24.0,0.0,0.0,18.0,0.0164180135442759,0.0
453, 제2기숙사 흡연장 앞,운동장 앞 AI공학관 길목,1999,0,178.0,71.0,2,21.0,30.0,0.0,44.0,0.06734918887640058,0.0
454, 운동장 앞 AI공학관 길목,운동장 초입,1999,0,178.0,71.0,2,21.0,30.0,0.0,68.0,0.1132586934102918,0.0
455, 운동장 초입,운동장 도보,1999,0,178.0,71.0,2,21.0,30.0,0.0,11.0,0.015689392360598953,0.0
456, 운동장 도보,운동장-총학생회관 길목,1999,0,178.0,71.0,2,21.0,30.0,0.0,25.0,0.04170070801603717,-89.6017939829128
457, 운동장-총학생회관 길목,총학생회관 횡단보도,1999,0,178.0,71.0,2,21.0,30.0,0.0,36.0,0.05331698457377089,-88.77824993096002
458, 총학생회관 횡단보도,총학생회관 앞 길목,1999,0,178.0,71.0,2,21.0,30.0,0.0,11.0,0.018482601078450022,-89.61401844194782
459, 총학생회관 앞 길목,총학생회관 정문 길목,1999,0,178.0,71.0,2,21.0,30.0,0.0,7.0,0.011575605595276114,-89.3056985801443
460, 총학생회관 정문 길목,중앙도서관 횡단보도,1999,0,178.0,71.0,2,21.0,30.0,0.0,44.0,0.06840784460579684,-89.26564859034701
461, 중앙도서관 횡단보도,중앙도서관 길목,1999,0,178.0,71.0,2,21.0,30.0,0.0,32.0,0.037869902236779586,89.71207202029682
462, 중앙도서관 길목,중앙도서관 정문 길목,1999,0,178.0,71.0,2,21.0,30.0,0.0,17.0,0.02024245910298387,-88.34359379490371
463, 중앙도서관 정문 길목,중앙도서관 정문,1999,0,178.0,71.0,2,21.0,30.0,0.0,15.0,0.01903050666269261,0.0
464, 교육대학원 앞 횡단보도,바람개비동산 코너,1999,0,178.0,71.0,0,21.0,30.0,0.0,17.0,0.0159548603966752,-85.43892827864198
465, 바람개비동산 코너,바람개비동산 보도,1999,0,178.0,71.0,0,21.0,30.0,0.0,11.0,0.01611990728991885,89.07647733349258
466, 바람개비동산 보도,바람개비동산쪽 과속방지턱,1999,0,178.0,71.0,0,21.0,30.0,0.0,29.0,0.052654072191758355,-87.48756482240971
467, 바람개비동산쪽 과속방지턱,바람개비쪽 코너,1999,0,178.0,71.0,0,21.0,30.0,0.0,13.0,0.02297676903623021,-88.53757111878855
468, 바람개비쪽 코너,대학원 앞 길목,1999,0,178.0,71.0,0,21.0,30.0,0.0,24.0,0.037206638882851195,-85.74427680171878
469, 대학원 앞 길목,바람개비동산 - 대학원 길목,1999,0,178.0,71.0,0,21.0,30.0,0.0,8.0,0.013873655251566318,-88.86457452244034
470, 바람개비동산 - 대학원 길목,예음홀 앞 횡단보도,1999,0,178.0,71.0,0,21.0,30.0,0.0,22.0,0.037126681799382756,-89.73410163710082
471, 예음홀 앞 횡단보도,예술대학-예음홀 횡단보도,1999,0,178.0,71.0,0,21.0,30.0,0.0,12.0,0.020643951512966226,-88.92484322003588
472, 예술대학-예음홀 횡단보도,예술대학-예음홀 올라가는 횡단보도,1999,0,178.0,71.0,0,21.0,30.0,0.0,12.0,0.016257144350203194,-89.50976682749506
473, 예술대학-예음홀 올라가는 횡단보도,구ROTC 뒤 횡단보도,1999,0,178.0,71.0,0,21.0,30.0,0.0,26.0,0.0373074114527378,-89.28751765316441
474, 구ROTC 뒤 횡단보도,예술대학 무당이정류장,1999,0,178.0,71.0,0,21.0,30.0,0.0,13.0,0.019301981613441595,-88.99471945736236
475, 예술대학 무당이정류장,예술대학-공대,1999,0,178.0,71.0,0,21.0,30.0,0.0,21.0,0.024296339532238483,-85.36984640723091
476, 예술대학-공대,공대-글로벌센터,1999,0,178.0,71.0,0,21.0,30.0,0.0,75.0,0.09850310766823575,-89.46250983042728
477, 공대-글로벌센터,파스쿠치-공대 횡단보도,1999,0,178.0,71.0,0,21.0,30.0,0.0,9.0,0.016903774593836834,-89.90786106040888
478, 파스쿠치-공대 횡단보도,파스쿠치 앞,1999,0,178.0,71.0,0,21.0,30.0,0.0,7.0,0.011565423177815934,-61.50456784139774
479, 파스쿠치 앞,반도체대학 정문,1999,0,178.0,71.0,0,21.0,30.0,0.0,20.0,0.031027323606880212,89.83121898248088
480, 반도체대학 정문,반도체대학 무당이정류장,1999,0,178.0,71.0,0,21.0,30.0,0.0,13.0,0.0164180135442759,0.0
481, 반도체대학 무당이정류장,반도체대학 코너,1999,0,178.0,71.0,0,21.0,30.0,0.0,9.0,0.01264054587192205,0.0
482, 반도체대학 코너,비전타워-반도체대학,1999,0,178.0,71.0,0,21.0,30.0,0.0,14.0,0.0209627703928093,0.0
483, 비전타워-반도체대학,비전타워-반도체대학동산 횡단보도,1999,0,178.0,71.0,0,21.0,30.0,0.0,5.0,0.007019862118126532,0.0
484, 비전타워-반도체대학동산 횡단보도,비전타워-바나연 횡단보도,1999,0,178.0,71.0,0,21.0,30.0,0.0,17.0,0.027574394561825238,0.0
485, 비전타워-바나연 횡단보도,바이오나노연구원 정문,1999,0,178.0,71.0,0,21.0,30.0,0.0,40.0,0.05513061224539479,74.5889676694079
486, 바이오나노연구원 정문,비전타워B,1999,0,178.0,71.0,0,21.0,30.0,0.0,44.0,0.06591457844749489,-84.62068004948502
487, AI공학관 무당이 정류장,운동장 앞 AI공학관 길목,2000,0,173.0,65.0,1,20.0,20.0,0.0,20.0,0.020621745981618218,0.0
488, AI공학관 무당이 정류장,운동장 앞 AI공학관 길목,2000,0,173.0,66.0,1,20.0,20.0,0.0,14.0,0.020621745981618218,0.0
489, 운동장 앞 AI공학관 길목,운동장 초입,2000,0,173.0,66.0,1,20.0,20.0,0.0,96.0,0.1132586934102918,0.0
490, 운동장 앞 AI공학관 길목,운동장 초입,2000,0,173.0,65.0,1,20.0,20.0,0.0,102.0,0.1132586934102918,0.0
491, 운동장 초입,운동장 도보,2000,0,173.0,66.0,1,20.0,20.0,0.0,22.0,0.015689392360598953,0.0
492, 운동장 초입,운동장 도보,2000,0,173.0,66.0,1,20.0,20.0,0.0,22.0,0.015689392360598953,0.0
493, AI공학관 무당이 정류장,운동장 앞 AI공학관 길목,2000,0,173.0,66.0,1,20.0,20.0,0.0,14.0,0.020621745981618218,0.0
494, 운동장 앞 AI공학관 길목,운동장 초입,2000,0,173.0,66.0,1,20.0,20.0,0.0,96.0,0.1132586934102918,0.0
495, 반도체대학 흡연구역,반도체대학 무당이정류장,1999,0,178.0,71.0,2,20.0,20.0,0.0,35.0,0.037581110887840684,-89.8894703610279
496, 반도체대학 무당이정류장,반도체대학 정문,1999,0,178.0,71.0,2,20.0,20.0,0.0,9.0,0.0164180135442759,0.0
497, 반도체대학 정문,파스쿠치-공대 횡단보도,1999,0,178.0,71.0,2,20.0,20.0,0.0,33.0,0.04133624270678055,-89.77468575442965
498, 파스쿠치-공대 횡단보도,공과대학1 정문 앞,1999,0,178.0,71.0,2,20.0,20.0,0.0,11.0,0.023612579574638953,89.87129287326552
499, 공과대학1 정문 앞,파스쿠치-공대 횡단보도,1999,0,178.0,71.0,2,20.0,20.0,0.0,17.0,0.023612579574638953,-89.87129287326552
500, 파스쿠치-공대 횡단보도,파스쿠치 앞,1999,0,178.0,71.0,2,20.0,20.0,0.0,8.0,0.011565423177815934,-61.50456784139774
501, 파스쿠치 앞,반도체대학 정문,1999,0,178.0,71.0,2,20.0,20.0,0.0,33.0,0.031027323606880212,89.83121898248088
502, 공대쪽문,구ROTC 뒤 횡단보도,2002,1,153.0,53.0,0,20.0,20.0,0.0,73.0,0.07453760580743893,89.74530426628374
503, 공대쪽문,구ROTC 뒤 횡단보도,2002,1,153.0,53.0,0,20.0,20.0,0.0,73.0,0.07453760580743893,89.74530426628374
504, 가천관 올라가는 계단,반도체대학 정문,2003,1,162.0,55.0,1,23.0,0.0,0.0,2.0,0.07009898922253009,89.49245625768206
505, 반도체대학 정문,반도체대학 무당이정류장,2003,1,162.0,55.0,1,23.0,0.0,0.0,12.0,0.0164180135442759,0.0
506, 반도체대학 무당이정류장,반도체대학 앞 동산 횡단보도,2003,1,162.0,55.0,1,23.0,0.0,0.0,9.0,0.02153515127335697,0.0
507, 반도체대학 앞 동산 횡단보도,비전타워-반도체대학동산 횡단보도,2003,1,162.0,55.0,1,23.0,0.0,0.0,26.0,0.022740631218881036,0.0
508, 비전타워-반도체대학동산 횡단보도,비전타워 쪽문,2003,1,162.0,55.0,1,23.0,0.0,0.0,18.0,0.03552115880212925,-85.93640219865576
509, 비전타워 쪽문,비전타워-가천대학교 분기점,2003,1,162.0,55.0,1,23.0,0.0,0.0,2.0,0.012396137490274834,0.0
510, 비전타워-가천대학교 분기점,비전타워-바나연 횡단보도,2003,1,162.0,55.0,1,23.0,0.0,0.0,44.0,0.040185889517147154,85.40491345879651
511, 비전타워-바나연 횡단보도,바나연 코너 횡단보도,1999,0,178.0,71.0,2,23.0,0.0,0.0,16.0,0.013488598700853605,0.0
512, 비전타워-바나연 횡단보도,바나연 코너 횡단보도,2003,1,162.0,55.0,1,23.0,0.0,0.0,9.0,0.013488598700853605,0.0
513, 바나연 코너 횡단보도,광장계단 근처,1999,0,178.0,71.0,2,23.0,0.0,0.0,13.0,0.016042401238334458,86.93904247503949
514, 바나연 코너 횡단보도,광장계단 근처,2003,1,162.0,55.0,1,23.0,0.0,0.0,16.0,0.016042401238334458,86.93904247503949
515, 광장계단 근처,가천관 - 공과대학 횡단보도,1999,0,178.0,71.0,2,23.0,0.0,0.0,111.0,0.10849532636516229,89.38454601906092
516, 광장계단 근처,가천관 - 공과대학 횡단보도,2003,1,162.0,55.0,1,23.0,0.0,0.0,113.0,0.10849532636516229,89.38454601906092
517, 가천관 - 공과대학 횡단보도,가천관 정문,1999,0,178.0,71.0,2,23.0,0.0,0.0,58.0,0.046888483706033456,0.0
518, 가천관 정문,글로벌센터 가천관 분기점,1999,0,178.0,71.0,2,23.0,0.0,0.0,32.0,0.03978748300673224,0.0
519, 가천관 - 공과대학 횡단보도,가천관-예술대학2,2003,1,162.0,55.0,1,23.0,0.0,0.0,103.0,0.08210976844212184,0.0
520, 글로벌센터 가천관 분기점,가천관-예술대학2,1999,0,178.0,71.0,2,23.0,0.0,0.0,21.0,0.026270856589441755,0.0
521, 가천관-예술대학2,가천관 - 구 ROTC,2003,1,162.0,55.0,1,23.0,0.0,0.0,51.0,0.05995840791564111,-88.28283245312524
522, 가천관-예술대학2,가천관 - 구 ROTC,1999,0,178.0,71.0,2,23.0,0.0,0.0,50.0,0.05995840791564111,-88.28283245312524
523, 가천관 - 구 ROTC,공대쪽문 앞 횡반보도,2003,1,162.0,55.0,1,23.0,0.0,0.0,28.0,0.026460013132985974,-89.87795182961435
524, 가천관 - 구 ROTC,공대쪽문 앞 횡반보도,1999,0,178.0,71.0,2,23.0,0.0,0.0,29.0,0.026460013132985974,-89.87795182961435
525, 공대쪽문 앞 횡반보도,예술대학-공대,2003,1,162.0,55.0,1,23.0,0.0,0.0,54.0,0.06408043122051565,89.74717034213674
526, 공대쪽문 앞 횡반보도,예술대학-공대,1999,0,178.0,71.0,2,23.0,0.0,0.0,54.0,0.06408043122051565,89.74717034213674
527, 예술대학-공대,공대-글로벌센터,1999,0,178.0,71.0,2,23.0,0.0,0.0,93.0,0.09850310766823575,-89.46250983042728
528, 예술대학-공대,공대-글로벌센터,2003,1,162.0,55.0,1,23.0,0.0,0.0,103.0,0.09850310766823575,-89.46250983042728
529, 공대-글로벌센터,파스쿠치-공대 횡단보도,1999,0,178.0,71.0,2,23.0,0.0,0.0,12.0,0.016903774593836834,-89.90786106040888
530, 공대-글로벌센터,파스쿠치-공대 횡단보도,2003,1,162.0,55.0,1,23.0,0.0,0.0,8.0,0.016903774593836834,-89.90786106040888
531, 파스쿠치-공대 횡단보도,파스쿠치 앞,1999,0,178.0,71.0,2,23.0,0.0,0.0,9.0,0.011565423177815934,-61.50456784139774
532, 파스쿠치-공대 횡단보도,파스쿠치 앞,2003,1,162.0,55.0,1,23.0,0.0,0.0,9.0,0.011565423177815934,-61.50456784139774
533, 파스쿠치 앞,반도체대학 앞 동산 횡단보도,1999,0,178.0,71.0,2,23.0,0.0,0.0,42.0,0.05796208204793505,89.68470278469094
534, 파스쿠치 앞,반도체대학 앞 동산 횡단보도,2003,1,162.0,55.0,1,23.0,0.0,0.0,42.0,0.05796208204793505,89.68470278469094
535, 반도체대학 앞 동산 횡단보도,비전타워-반도체대학동산 횡단보도,2003,1,162.0,55.0,1,23.0,0.0,0.0,22.0,0.022740631218881036,0.0
536, 반도체대학 앞 동산 횡단보도,비전타워-바나연 횡단보도,1999,0,178.0,71.0,2,23.0,0.0,0.0,40.0,0.03387334931175323,0.0
537, 비전타워-반도체대학동산 횡단보도,비전타워-바나연 횡단보도,2003,1,162.0,55.0,1,23.0,0.0,0.0,20.0,0.027574394561825238,0.0
538, 비전타워-바나연 횡단보도,바이오나노연구원 앞 엘리베이터,2003,1,162.0,55.0,1,23.0,0.0,0.0,57.0,0.07201448676332112,70.19744972888702
539, 비전타워-바나연 횡단보도,바이오나노연구원 앞 엘리베이터,1999,0,178.0,71.0,2,23.0,0.0,0.0,64.0,0.07201448676332112,70.19744972888702
540, 운동장 앞 AI공학관 길목,운동장 초입,2000,0,173.0,66.0,2,23.0,0.0,0.0,79.0,0.1132586934102918,0.0
541, 운동장 앞 AI공학관 길목,운동장 초입,2000,0,173.0,65.0,1,23.0,0.0,0.0,100.0,0.1132586934102918,0.0
542, 운동장 초입,운동장 도보,2000,0,173.0,66.0,2,23.0,0.0,0.0,12.0,0.015689392360598953,0.0
543, 운동장 초입,운동장 도보,2000,0,173.0,65.0,1,23.0,0.0,0.0,12.0,0.015689392360598953,0.0
544, 운동장 도보,운동장-총학생회관 길목,2000,0,173.0,66.0,2,23.0,0.0,0.0,33.0,0.04170070801603717,-89.6017939829128
545, 운동장 도보,운동장-총학생회관 길목,2000,0,173.0,65.0,1,23.0,0.0,0.0,35.0,0.04170070801603717,-89.6017939829128
546, 운동장-총학생회관 길목,총학생회관 횡단보도,2000,0,173.0,66.0,2,23.0,0.0,0.0,43.0,0.05331698457377089,-88.77824993096002
547, 운동장-총학생회관 길목,총학생회관 횡단보도,2000,0,173.0,65.0,1,23.0,0.0,0.0,41.0,0.05331698457377089,-88.77824993096002
548, 총학생회관 횡단보도,총학생회관 앞 길목,2000,0,173.0,66.0,2,23.0,0.0,0.0,13.0,0.018482601078450022,-89.61401844194782
549, 총학생회관 횡단보도,총학생회관 앞 길목,2000,0,173.0,65.0,1,23.0,0.0,0.0,14.0,0.018482601078450022,-89.61401844194782
550, 총학생회관 앞 길목,총학생회관 정문 길목,2000,0,173.0,65.0,1,23.0,0.0,0.0,10.0,0.011575605595276114,-89.3056985801443
551, 총학생회관 정문 길목,중앙도서관-총학생회관 길목,2000,0,173.0,65.0,1,23.0,0.0,0.0,41.0,0.04886594939235726,-89.11690927379364
552, 총학생회관 앞 길목,중앙도서관-총학생회관 길목,2000,0,173.0,66.0,2,23.0,0.0,0.0,57.0,0.060426376551891356,-89.16083098698917
553, 중앙도서관-총학생회관 길목,중앙도서관 횡단보도,2000,0,173.0,66.0,2,23.0,0.0,0.0,14.0,0.01957971023478734,-89.48228216910887
554, 중앙도서관-총학생회관 길목,중앙도서관 횡단보도,2000,0,173.0,65.0,1,23.0,0.0,0.0,14.0,0.01957971023478734,-89.48228216910887
555, 중앙도서관 횡단보도,중앙도서관 길목,2000,0,173.0,66.0,2,23.0,0.0,0.0,29.0,0.037869902236779586,89.71207202029682
556, 중앙도서관 횡단보도,중앙도서관 길목,2000,0,173.0,65.0,1,23.0,0.0,0.0,31.0,0.037869902236779586,89.71207202029682
557, 중앙도서관 길목,중앙도서관 정문 길목,2000,0,173.0,66.0,2,23.0,0.0,0.0,16.0,0.02024245910298387,-88.34359379490371
558, 중앙도서관 길목,중앙도서관 정문 길목,2000,0,173.0,65.0,1,23.0,0.0,0.0,15.0,0.02024245910298387,-88.34359379490371
559, 중앙도서관 정문 길목,중앙도서관 흡연구역 입구,2000,0,173.0,66.0,2,23.0,0.0,0.0,31.0,0.04619865161436956,86.22406490331136
560, 중앙도서관 정문 길목,중앙도서관 흡연구역 입구,2000,0,173.0,65.0,1,23.0,0.0,0.0,34.0,0.04619865161436956,86.22406490331136
561, 중앙도서관 흡연구역 입구,교육대학원-중앙도서관 길목,2000,0,173.0,66.0,2,23.0,0.0,0.0,21.0,0.02883387047688575,0.0
562, 중앙도서관 흡연구역 입구,교육대학원-중앙도서관 길목,2000,0,173.0,65.0,1,23.0,0.0,0.0,18.0,0.02883387047688575,0.0
563, 교육대학원-중앙도서관 길목,교육대학원 무당이 정류장,2000,0,173.0,66.0,2,23.0,0.0,0.0,38.0,0.04939161464612843,85.96393050992563
564, 교육대학원-중앙도서관 길목,교육대학원 무당이 정류장,2000,0,173.0,65.0,1,23.0,0.0,0.0,31.0,0.04939161464612843,85.96393050992563
565, 교육대학원 무당이 정류장,교육대학원 앞 횡단보도,2000,0,173.0,66.0,2,23.0,0.0,0.0,14.0,0.018647622023670648,0.0
566, 교육대학원 무당이 정류장,교육대학원 앞 횡단보도,2000,0,173.0,65.0,1,23.0,0.0,0.0,15.0,0.018647622023670648,0.0
567, 교육대학원 앞 횡단보도,교육대학원 쪽문,2000,0,173.0,66.0,2,23.0,0.0,0.0,16.0,0.018088148578229823,-84.83218662523609
568, 교육대학원 앞 횡단보도,교육대학원 쪽문,2000,0,173.0,65.0,1,23.0,0.0,0.0,13.0,0.018088148578229823,-84.83218662523609
569, 교육대학원 쪽문,바람개비동산쪽 코너,2000,0,173.0,66.0,2,23.0,0.0,0.0,14.0,0.017192803313689102,85.08670368151304
570, 교육대학원 쪽문,교육대학원 옆 횡단보도,2000,0,173.0,65.0,1,23.0,0.0,0.0,23.0,0.022611344743864403,-83.54971596399955
571, 바람개비동산쪽 코너,바람개비동산 보도,2000,0,173.0,66.0,2,23.0,0.0,0.0,10.0,0.01476657565636675,88.94254200442646
572, 교육대학원 옆 횡단보도,바람개비동산쪽 횡단보도,2000,0,173.0,65.0,1,23.0,0.0,0.0,7.0,0.010955503175332277,0.0
573, 바람개비동산 보도,바람개비동산쪽 과속방지턱,2000,0,173.0,66.0,2,23.0,0.0,0.0,37.0,0.052654072191758355,-87.48756482240971
575, 바람개비동산쪽 과속방지턱,바람개비동산 보도 끝,2000,0,173.0,66.0,2,23.0,0.0,0.0,4.0,0.007349820301075252,0.0
577, 바람개비동산 보도 끝,바람개비동산쪽 과속방지턱,2000,0,173.0,66.0,2,23.0,0.0,0.0,7.0,0.007349820301075252,0.0
579, 바람개비동산쪽 횡단보도,가천고개 내려가는 길,2000,0,173.0,65.0,1,23.0,0.0,0.0,49.0,0.06245734140010508,-89.47375861244018
580, 바람개비동산쪽 과속방지턱,바람개비쪽 코너,2000,0,173.0,66.0,2,23.0,0.0,0.0,13.0,0.02297676903623021,-88.53757111878855
581, 바람개비쪽 코너,대학원 앞 길목,2000,0,173.0,66.0,2,23.0,0.0,0.0,26.0,0.037206638882851195,-85.74427680171878
582, 가천고개 내려가는 길,가천고개 끝,2000,0,173.0,65.0,1,23.0,0.0,0.0,37.0,0.0479354735013592,-89.59610958413327
583, 대학원 앞 길목,바람개비동산 - 대학원 길목,2000,0,173.0,66.0,2,23.0,0.0,0.0,9.0,0.013873655251566318,-88.86457452244034
584, 가천고개 끝,가천고개 향하는 횡단보도,2000,0,173.0,65.0,1,23.0,0.0,0.0,12.0,0.017697694546870483,0.0
585, 가천고개 향하는 횡단보도,가천관 내려가는 길,2000,0,173.0,65.0,1,23.0,0.0,0.0,10.0,0.012684071888020246,-89.63663297854822
586, 가천관 내려가는 길,가천관 더 내려가는 길,2000,0,173.0,65.0,1,23.0,0.0,0.0,10.0,0.017815353549611487,88.97936340080533
587, 바람개비동산 - 대학원 길목,예음홀 앞 횡단보도,2000,0,173.0,66.0,2,23.0,0.0,0.0,25.0,0.037126681799382756,-89.73410163710082
588, 가천관 더 내려가는 길,가천관 코너,2000,0,173.0,65.0,1,23.0,0.0,0.0,9.0,0.01386930741991203,-89.7351176271295
589, 가천관 코너,글로벌센터 가천관 분기점,2000,0,173.0,65.0,1,23.0,0.0,0.0,9.0,0.013899696621259179,0.0
590, 예음홀 앞 횡단보도,예술대학-예음홀 횡단보도,2000,0,173.0,66.0,2,23.0,0.0,0.0,16.0,0.020643951512966226,-88.92484322003588
591, 예술대학-예음홀 횡단보도,예술대학-예음홀 올라가는 횡단보도,2000,0,173.0,66.0,2,23.0,0.0,0.0,11.0,0.016257144350203194,-89.50976682749506
592, 글로벌센터 가천관 분기점,가천관-예술대학2,2000,0,173.0,65.0,1,23.0,0.0,0.0,18.0,0.026270856589441755,0.0
593, 예술대학-예음홀 올라가는 횡단보도,구ROTC 뒤 횡단보도,2000,0,173.0,66.0,2,23.0,0.0,0.0,32.0,0.0373074114527378,-89.28751765316441
595, 구ROTC 뒤 횡단보도,예술대학 앞 횡단보도,2000,0,173.0,66.0,2,23.0,0.0,0.0,10.0,0.009477974815339999,-89.95620581858917
597, 가천관-예술대학2,가천관 - 구 ROTC,2000,0,173.0,65.0,1,23.0,0.0,0.0,46.0,0.05995840791564111,-88.28283245312524
598, 예술대학 앞 횡단보도,예술대학 무당이정류장,2000,0,173.0,66.0,2,23.0,0.0,0.0,8.0,0.017214956471680597,89.91271295687935
599, 가천관 - 구 ROTC,글로벌센터 내려가는 계단,2000,0,173.0,65.0,1,23.0,0.0,0.0,10.0,0.013706459363799054,-89.93393794421443
600, 예술대학 무당이정류장,예술대학-공대,2000,0,173.0,66.0,2,23.0,0.0,0.0,27.0,0.024296339532238483,-85.36984640723091
601, 글로벌센터 내려가는 계단,공대 분기점,2000,0,173.0,65.0,1,23.0,0.0,0.0,49.0,0.05053224816316234,89.16990225092867
602, 공대 분기점,공과대학1 정문 앞,2000,0,173.0,65.0,1,23.0,0.0,0.0,23.0,0.029613020563533293,0.0
603, 예술대학-공대,글로벌센터-예술대학 시작점,2000,0,173.0,66.0,2,23.0,0.0,0.0,62.0,0.07436201743453204,-89.59423252142527
604, 공과대학1 정문 앞,공대-글로벌센터,2000,0,173.0,65.0,1,23.0,0.0,0.0,17.0,0.020661023173019655,0.0
605, 공대-글로벌센터,파스쿠치-공대 횡단보도,2000,0,173.0,65.0,1,23.0,0.0,0.0,12.0,0.016903774593836834,-89.90786106040888
606, 파스쿠치-공대 횡단보도,파스쿠치 앞,2000,0,173.0,65.0,1,23.0,0.0,0.0,9.0,0.011565423177815934,-61.50456784139774
607, 글로벌센터-예술대학 시작점,글로벌센터 흡연구역 앞,2000,0,173.0,66.0,2,23.0,0.0,0.0,34.0,0.044793598689887464,0.0
608, 글로벌센터 흡연구역 앞,공대-글로벌센터,2000,0,173.0,66.0,2,23.0,0.0,0.0,16.0,0.017786981554024705,0.0
609, 공대-글로벌센터,파스쿠치-공대 횡단보도,2000,0,173.0,66.0,2,23.0,0.0,0.0,9.0,0.016903774593836834,-89.90786106040888
610, 파스쿠치-공대 횡단보도,파스쿠치 앞,2000,0,173.0,66.0,2,23.0,0.0,0.0,7.0,0.011565423177815934,-61.50456784139774
611, 파스쿠치 앞,반도체대학 앞 동산 횡단보도,2000,0,173.0,65.0,1,23.0,0.0,0.0,47.0,0.05796208204793505,89.68470278469094
612, 반도체대학 앞 동산 횡단보도,반도체대학 코너,2000,0,173.0,65.0,1,23.0,0.0,0.0,10.0,0.01638386516149479,0.0
613, 파스쿠치 앞,반도체대학 정문,2000,0,173.0,66.0,2,23.0,0.0,0.0,27.0,0.031027323606880212,89.83121898248088
614, 반도체대학 정문,반도체대학 무당이정류장,2000,0,173.0,66.0,2,23.0,0.0,0.0,11.0,0.0164180135442759,0.0
615, 반도체대학 무당이정류장,반도체대학 코너,2000,0,173.0,66.0,2,23.0,0.0,0.0,10.0,0.01264054587192205,0.0
616, 반도체대학 코너,반도체대학 무당이정류장,2000,0,173.0,66.0,2,23.0,0.0,0.0,11.0,0.01264054587192205,0.0
617, 반도체대학 무당이정류장,반도체대학 정문,2000,0,173.0,66.0,2,23.0,0.0,0.0,11.0,0.0164180135442759,0.0
618, 공과대학1 정문 앞,글로벌센터 정문,2002,1,166.0,64.0,1,20.0,20.0,0.0,2.0,0.06080970806258656,0.0
619, 가천대학교 반도체대학쪽 정문,반도체대학 코너,2000,0,175.0,58.0,2,18.0,20.0,0.0,34.0,0.044975375600115275,89.55571593865007
620, 반도체대학 코너,반도체대학 무당이정류장,2000,0,175.0,58.0,2,18.0,20.0,0.0,11.0,0.01264054587192205,0.0
621, 반도체대학 무당이정류장,반도체대학 정문,2000,0,175.0,58.0,2,18.0,20.0,0.0,12.0,0.0164180135442759,0.0
622, 반도체대학 정문,글로벌센터 흡연구역 앞,2000,0,175.0,58.0,2,18.0,20.0,0.0,47.0,0.06414466738283735,0.0
623, 글로벌센터 흡연구역 앞,공대-글로벌센터,2000,0,175.0,58.0,2,18.0,20.0,0.0,10.0,0.017786981554024705,0.0
624, 공대-글로벌센터,파스쿠치-공대 횡단보도,2000,0,175.0,58.0,2,18.0,20.0,0.0,11.0,0.016903774593836834,-89.90786106040888
625, 파스쿠치-공대 횡단보도,파스쿠치 앞,2000,0,175.0,58.0,2,18.0,20.0,0.0,7.0,0.011565423177815934,-61.50456784139774
626, 파스쿠치 앞,반도체대학 앞 동산 횡단보도,2000,0,175.0,58.0,2,18.0,20.0,0.0,41.0,0.05796208204793505,89.68470278469094
627, 반도체대학 앞 동산 횡단보도,비전타워-반도체대학동산 횡단보도,2000,0,175.0,58.0,2,18.0,20.0,0.0,15.0,0.022740631218881036,0.0
628, 비전타워-반도체대학동산 횡단보도,가천대학교 비전타워쪽 정문,2000,0,175.0,58.0,2,18.0,20.0,0.0,42.0,0.052988902361195425,-89.47655931017049
629, 비전타워-가천대학교 코너,비전타워 쪽문,2004,1,160.0,52.0,2,18.0,0.0,0.0,7.0,0.018097596807894203,0.0
630, 비전타워 쪽문,비전타워-가천대학교 분기점,2004,1,160.0,52.0,2,18.0,0.0,0.0,4.0,0.012396137490274834,0.0
631, 비전타워-가천대학교 분기점,비전타워-반도체대학동산 횡단보도,2004,1,160.0,52.0,2,18.0,0.0,0.0,16.0,0.026837858617868592,86.9275563312006
632, 비전타워-반도체대학동산 횡단보도,광장계단 근처,2004,1,160.0,52.0,2,18.0,0.0,0.0,46.0,0.048313677184790536,80.85132005836968
633, 광장계단 근처,중앙도서관 횡단보도,2004,1,160.0,52.0,2,18.0,0.0,0.0,38.0,0.5446142239293464,88.4295224838725
634, 중앙도서관 횡단보도,중앙도서관-총학생회관 길목,2004,1,160.0,52.0,2,18.0,0.0,0.0,2.0,0.01957971023478734,89.48228216910887
635, 중앙도서관-총학생회관 길목,총학생회관 정문 길목,2004,1,160.0,52.0,2,18.0,0.0,0.0,7.0,0.04886594939235726,89.11690927379364
637, 총학생회관 앞 길목,총학생회관 횡단보도,2004,1,160.0,52.0,2,18.0,0.0,0.0,3.0,0.018482601078450022,89.61401844194782
638, 총학생회관 횡단보도,운동장 초입,2004,1,160.0,52.0,2,18.0,0.0,0.0,22.0,0.09496762138654623,89.35988029345711
639, 비전타워 정문 앞 횡단보도,가천대학교 1번출구,2002,1,158.0,53.0,0,23.0,0.0,0.0,34.0,0.03627820639501727,89.83188313773974
640, 가천대학교 1번출구,공과대학 정문,2002,1,158.0,53.0,0,23.0,0.0,0.0,162.0,0.1355538835861751,83.06993727213712
641, 공과대학 정문,공과대학-가천관 횡단보도,2002,1,158.0,53.0,0,23.0,0.0,0.0,88.0,0.08639368246676465,89.50917252015778
642, 공과대학-가천관 횡단보도,가천관 정문,2002,1,158.0,53.0,0,23.0,0.0,0.0,56.0,0.06478883146485295,0.0
643, 가천관 정문,글로벌센터 가천관 분기점,2002,1,158.0,53.0,0,23.0,0.0,0.0,30.0,0.03978748300673224,0.0
644, 글로벌센터 가천관 분기점,가천관 내려가는 길,2002,1,158.0,53.0,0,23.0,0.0,0.0,32.0,0.033789097260535444,89.032105747021
645, 가천관 내려가는 길,가천관 쪽문,2002,1,158.0,53.0,0,23.0,0.0,0.0,7.0,0.01303861260455724,0.0
646, 비전타워 쪽문,비전타워-가천대학교 분기점,2004,1,160.0,52.0,2,23.0,0.0,0.0,7.0,0.012396137490274834,0.0
647, 비전타워-가천대학교 분기점,비전타워-반도체대학동산 횡단보도,2004,1,160.0,52.0,2,23.0,0.0,0.0,113.0,0.026837858617868592,86.9275563312006
648, 비전타워 쪽문,비전타워-반도체대학,2003,1,162.0,55.0,1,23.0,0.0,0.0,23.0,0.03319442015732994,86.20177330009366
653, 비전타워-반도체대학동산 횡단보도,반도체대학 앞 동산,2003,1,162.0,55.0,1,23.0,0.0,0.0,33.0,0.08574188767410752,89.0731660789439
654, 반도체대학 앞 동산,공과대학1 정문 앞,2003,1,162.0,55.0,1,23.0,0.0,0.0,5.0,0.023078736818535166,-89.75050832856411
655, 공과대학1 정문 앞,가천관 올라가는 계단,2003,1,162.0,55.0,1,23.0,0.0,0.0,51.0,0.07569520914122638,-89.4519398453504
656, 바나연 코너 횡단보도,비전타워-바나연 횡단보도,2002,1,158.0,52.0,0,24.0,0.0,0.0,7.0,0.013488598700853605,0.0
657, 비전타워-바나연 횡단보도,비전타워-가천대학교 코너,2002,1,158.0,52.0,0,24.0,0.0,0.0,45.0,0.06875349251694915,-82.17053070347464
658, 비전타워-가천대학교 코너,비전타워 정문,2002,1,158.0,52.0,0,24.0,0.0,0.0,44.0,0.06410842606365887,0.0
659, 비전타워 정문,비전타워 정문 앞 횡단보도,2002,1,158.0,52.0,0,24.0,0.0,0.0,4.0,0.015886075070913153,-89.92812611521626
660, 반도체대학 앞 동산 횡단보도,비전타워-반도체대학동산 횡단보도,2000,0,175.0,58.0,2,23.0,0.0,0.0,12.0,0.022740631218881036,0.0
661, 반도체대학 앞 동산 횡단보도,비전타워-반도체대학동산 횡단보도,2002,1,167.0,58.0,1,23.0,0.0,0.0,29.0,0.022740631218881036,0.0
662, 반도체대학 앞 동산 횡단보도,비전타워-반도체대학,2002,1,162.0,55.0,1,23.0,0.0,0.0,23.0,0.02483453922347555,0.0
663, 비전타워-반도체대학동산 횡단보도,비전타워-가천대학교 코너,2000,0,175.0,58.0,2,23.0,0.0,0.0,47.0,0.0475325949841953,-84.56948582195888
664, 비전타워-반도체대학동산 횡단보도,비전타워-가천대학교 코너,2002,1,167.0,58.0,1,23.0,0.0,0.0,46.0,0.0475325949841953,-84.56948582195888
665, 비전타워-반도체대학,비전타워-가천대학교 코너,2002,1,162.0,55.0,1,23.0,0.0,0.0,46.0,0.04297755335039875,-85.08721043490101
666, 비전타워-가천대학교 코너,비전타워 정문 앞 횡단보도,2000,0,175.0,58.0,2,23.0,0.0,0.0,66.0,0.0628736685945399,-89.71554080957034
667, 비전타워-가천대학교 코너,비전타워 정문,2002,1,162.0,55.0,1,23.0,0.0,0.0,67.0,0.06410842606365887,0.0
668, 비전타워-가천대학교 코너,비전타워 정문,2002,1,167.0,58.0,1,23.0,0.0,0.0,71.0,0.06410842606365887,0.0
669, 제2기숙사 흡연장 앞,AI공학관 무당이 정류장,1999,0,178.0,71.0,2,23.0,0.0,0.0,33.0,0.05033424612782841,0.0
670, AI공학관 무당이 정류장,운동장 앞 AI공학관 길목,1999,0,178.0,71.0,2,23.0,0.0,0.0,11.0,0.020621745981618218,0.0
671, 운동장 앞 AI공학관 길목,운동장 도보,1999,0,178.0,71.0,2,23.0,0.0,0.0,93.0,0.12803107715074172,0.0
672, 운동장 도보,총학생회관 횡단보도,1999,0,178.0,71.0,2,23.0,0.0,0.0,47.0,0.08783487002888507,-89.40795432590306
673, 총학생회관 횡단보도,총학생회관 앞 길목,1999,0,178.0,71.0,2,23.0,0.0,0.0,9.0,0.018482601078450022,-89.61401844194782
674, 총학생회관 앞 길목,총학생회관 정문 길목,1999,0,178.0,71.0,2,23.0,0.0,0.0,8.0,0.011575605595276114,-89.3056985801443
675, 총학생회관 정문 길목,중앙도서관-총학생회관 길목,1999,0,178.0,71.0,2,23.0,0.0,0.0,35.0,0.04886594939235726,-89.11690927379364
676, 중앙도서관-총학생회관 길목,중앙도서관 횡단보도,1999,0,178.0,71.0,2,23.0,0.0,0.0,8.0,0.01957971023478734,-89.48228216910887
677, 중앙도서관 횡단보도,중앙도서관 길목,1999,0,178.0,71.0,2,23.0,0.0,0.0,26.0,0.037869902236779586,89.71207202029682
678, 중앙도서관 길목,중앙도서관 정문 길목,1999,0,178.0,71.0,2,23.0,0.0,0.0,15.0,0.02024245910298387,-88.34359379490371
679, 중앙도서관 정문 길목,중앙도서관 흡연구역 입구,1999,0,178.0,71.0,2,23.0,0.0,0.0,26.0,0.04619865161436956,86.22406490331136
680, 중앙도서관 흡연구역 입구,교육대학원-중앙도서관 길목,1999,0,178.0,71.0,2,23.0,0.0,0.0,15.0,0.02883387047688575,0.0
681, 교육대학원-중앙도서관 길목,교육대학원 무당이 정류장,1999,0,178.0,71.0,2,23.0,0.0,0.0,33.0,0.04939161464612843,85.96393050992563
682, 교육대학원 무당이 정류장,교육대학원 앞 횡단보도,1999,0,178.0,71.0,2,23.0,0.0,0.0,9.0,0.018647622023670648,0.0
683, 교육대학원 앞 횡단보도,교육대학원 쪽문,1999,0,178.0,71.0,2,23.0,0.0,0.0,15.0,0.018088148578229823,-84.83218662523609
684, 교육대학원 쪽문,바람개비동산 보도,1999,0,178.0,71.0,2,23.0,0.0,0.0,12.0,0.02457894865977055,88.5920134644196
685, 바람개비동산 보도,바람개비동산쪽 과속방지턱,1999,0,178.0,71.0,2,23.0,0.0,0.0,28.0,0.052654072191758355,-87.48756482240971
686, 바람개비동산쪽 과속방지턱,바람개비동산 보도 끝,1999,0,178.0,71.0,2,23.0,0.0,0.0,3.0,0.007349820301075252,0.0
688, 바람개비동산쪽 과속방지턱,바람개비쪽 코너,1999,0,178.0,71.0,2,23.0,0.0,0.0,11.0,0.02297676903623021,-88.53757111878855
689, 바람개비쪽 코너,대학원 앞 길목,1999,0,178.0,71.0,2,23.0,0.0,0.0,22.0,0.037206638882851195,-85.74427680171878
690, 대학원 앞 길목,바람개비동산 - 대학원 길목,1999,0,178.0,71.0,2,23.0,0.0,0.0,9.0,0.013873655251566318,-88.86457452244034
691, 바람개비동산 - 대학원 길목,예음홀 앞 횡단보도,1999,0,178.0,71.0,2,23.0,0.0,0.0,24.0,0.037126681799382756,-89.73410163710082
692, 예음홀 앞 횡단보도,예술대학-예음홀 횡단보도,1999,0,178.0,71.0,2,23.0,0.0,0.0,14.0,0.020643951512966226,-88.92484322003588
693, 예술대학-예음홀 횡단보도,예술대학-예음홀 올라가는 횡단보도,1999,0,178.0,71.0,2,23.0,0.0,0.0,11.0,0.016257144350203194,-89.50976682749506
694, 예술대학-예음홀 올라가는 횡단보도,구ROTC 뒤 횡단보도,1999,0,178.0,71.0,2,23.0,0.0,0.0,23.0,0.0373074114527378,-89.28751765316441
695, 구ROTC 뒤 횡단보도,구ROTC코너,1999,0,178.0,71.0,2,23.0,0.0,0.0,16.0,0.02703360021120999,-89.87834079127694
696, 구ROTC코너,예술대학-공대,1999,0,178.0,71.0,2,23.0,0.0,0.0,11.0,0.016195808886309896,89.91810901197715
697, 예술대학-공대,글로벌센터 흡연구역 앞,1999,0,178.0,71.0,2,23.0,0.0,0.0,72.0,0.10828656350254003,-89.40912922673361
698, 글로벌센터 흡연구역 앞,파스쿠치-공대 횡단보도,1999,0,178.0,71.0,2,23.0,0.0,0.0,15.0,0.0303296508238461,-89.83467973361435
699, 파스쿠치-공대 횡단보도,파스쿠치 앞,1999,0,178.0,71.0,2,23.0,0.0,0.0,7.0,0.011565423177815934,-61.50456784139774
700, 파스쿠치 앞,반도체대학 앞 동산 횡단보도,1999,0,178.0,71.0,2,23.0,0.0,0.0,38.0,0.05796208204793505,89.68470278469094
701, 반도체대학 앞 동산 횡단보도,비전타워-반도체대학동산 횡단보도,1999,0,178.0,71.0,2,23.0,0.0,0.0,11.0,0.022740631218881036,0.0
702, 비전타워-반도체대학동산 횡단보도,바이오나노연구원 앞 엘리베이터,1999,0,178.0,71.0,2,23.0,0.0,0.0,57.0,0.0841505033174869,67.1809532987928
703, 바이오나노연구원 앞 엘리베이터,비전타워B,1999,0,178.0,71.0,2,23.0,0.0,0.0,26.0,0.042328595839176746,-86.53957093427995
704, 비전타워B,가천대학교 1번출구,1999,0,178.0,71.0,2,23.0,0.0,0.0,34.0,0.051889618061519496,-80.18690379515813
706, 비전타워-반도체대학동산 횡단보도,비전타워-반도체대학,2004,1,160.0,52.0,2,18.0,0.0,0.0,2.0,0.007019862118126532,0.0
708, 비전타워-반도체대학,반도체대학 코너,2004,1,160.0,52.0,2,18.0,0.0,0.0,5.0,0.0209627703928093,0.0
709, 반도체대학 코너,반도체대학 무당이정류장,2004,1,160.0,52.0,2,18.0,0.0,0.0,14.0,0.01264054587192205,0.0
710, 반도체대학 무당이정류장,공과대학-가천관 횡단보도,2004,1,160.0,52.0,2,18.0,0.0,0.0,59.0,0.17243684017621086,89.05009635033204
711, 공과대학-가천관 횡단보도,가천고개 올라가는 길,2004,1,160.0,52.0,2,18.0,0.0,0.0,59.0,0.20418051070912385,88.91691777469676
712, 가천고개 올라가는 길,교육대학원 학식,2004,1,160.0,52.0,2,18.0,0.0,0.0,10.0,0.052444309516773854,89.47285038444276
713, 교육대학원 학식,교육대학원 옆 횡단보도,2004,1,160.0,52.0,2,18.0,0.0,0.0,3.0,0.013401131030285198,89.3020088503183
714, 교육대학원 옆 횡단보도,교육대학원 쪽문,2004,1,160.0,52.0,2,18.0,0.0,0.0,4.0,0.022611344743864403,83.54971596399955
715, 교육대학원 쪽문,교육대학원 앞 횡단보도,2004,1,160.0,52.0,2,18.0,0.0,0.0,2.0,0.018088148578229823,84.83218662523609
716, 교육대학원 앞 횡단보도,교육대학원 무당이 정류장,2004,1,160.0,52.0,2,18.0,0.0,0.0,5.0,0.018647622023670648,0.0
717, 교육대학원 무당이 정류장,교육대학원-중앙도서관 길목,2004,1,160.0,52.0,2,18.0,0.0,0.0,20.0,0.04939161464612843,-85.96393050992563
718, 교육대학원-중앙도서관 길목,중앙도서관 흡연구역 입구,2004,1,160.0,52.0,2,18.0,0.0,0.0,3.0,0.02883387047688575,0.0
719, 중앙도서관 흡연구역 입구,중앙도서관 정문 길목,2004,1,160.0,52.0,2,18.0,0.0,0.0,8.0,0.04619865161436956,-86.22406490331136
720, 중앙도서관 정문 길목,중앙도서관 길목,2004,1,160.0,52.0,2,18.0,0.0,0.0,2.0,0.02024245910298387,88.34359379490371
721, 중앙도서관 길목,중앙도서관 횡단보도,2004,1,160.0,52.0,2,18.0,0.0,0.0,5.0,0.037869902236779586,-89.71207202029682
722, 중앙도서관 횡단보도,중앙도서관-총학생회관 길목,2004,1,160.0,52.0,2,18.0,0.0,0.0,2.0,0.01957971023478734,89.48228216910887
723, 중앙도서관-총학생회관 길목,총학생회관 정문 길목,2004,1,160.0,52.0,2,18.0,0.0,0.0,9.0,0.04886594939235726,89.11690927379364
725, 총학생회관 앞 길목,총학생회관 횡단보도,2004,1,160.0,52.0,2,18.0,0.0,0.0,3.0,0.018482601078450022,89.61401844194782
726, 총학생회관 횡단보도,운동장 초입,2004,1,160.0,52.0,2,18.0,0.0,0.0,22.0,0.09496762138654623,89.35988029345711
727, 운동장 초입,운동장 앞 AI공학관 길목,2004,1,160.0,52.0,2,18.0,0.0,0.0,17.0,0.1132586934102918,0.0
728, 운동장 앞 AI공학관 길목,운동장 초입,2000,0,173.0,66.0,1,25.0,0.0,0.0,80.0,0.1132586934102918,0.0
729, 운동장 초입,운동장 도보,2000,0,173.0,66.0,1,25.0,0.0,0.0,10.0,0.015689392360598953,0.0
730, 운동장 도보,운동장-총학생회관 길목,2000,0,173.0,66.0,1,25.0,0.0,0.0,30.0,0.04170070801603717,-89.6017939829128
731, 운동장-총학생회관 길목,총학생회관 횡단보도,2000,0,173.0,66.0,1,25.0,0.0,0.0,32.0,0.05331698457377089,-88.77824993096002
732, 총학생회관 횡단보도,총학생회관 앞 길목,2000,0,173.0,66.0,1,25.0,0.0,0.0,12.0,0.018482601078450022,-89.61401844194782
733, 총학생회관 앞 길목,총학생회관 정문 길목,2000,0,173.0,66.0,1,25.0,0.0,0.0,10.0,0.011575605595276114,-89.3056985801443
734, 총학생회관 정문 길목,중앙도서관 횡단보도,2000,0,173.0,66.0,1,25.0,0.0,0.0,49.0,0.06840784460579684,-89.26564859034701
735, 중앙도서관 횡단보도,중앙도서관 길목,2000,0,173.0,66.0,1,25.0,0.0,0.0,28.0,0.037869902236779586,89.71207202029682
736, 중앙도서관 길목,중앙도서관 정문 길목,2000,0,173.0,66.0,1,25.0,0.0,0.0,13.0,0.02024245910298387,-88.34359379490371
737, 중앙도서관 정문 길목,중앙도서관 흡연구역 입구,2000,0,173.0,66.0,1,25.0,0.0,0.0,32.0,0.04619865161436956,86.22406490331136
738, 중앙도서관 흡연구역 입구,교육대학원-중앙도서관 길목,2000,0,173.0,66.0,1,25.0,0.0,0.0,20.0,0.02883387047688575,0.0
739, 교육대학원-중앙도서관 길목,교육대학원 무당이 정류장,2000,0,173.0,66.0,1,25.0,0.0,0.0,33.0,0.04939161464612843,85.96393050992563
740, 교육대학원 무당이 정류장,교육대학원 앞 횡단보도,2000,0,173.0,66.0,1,25.0,0.0,0.0,12.0,0.018647622023670648,0.0
741, 교육대학원 앞 횡단보도,교육대학원 쪽문,2000,0,173.0,66.0,1,25.0,0.0,0.0,13.0,0.018088148578229823,-84.83218662523609
742, 교육대학원 쪽문,교육대학원 옆 횡단보도,2000,0,173.0,66.0,1,25.0,0.0,0.0,16.0,0.022611344743864403,-83.54971596399955
743, 교육대학원 옆 횡단보도,바람개비동산쪽 횡단보도,2000,0,173.0,66.0,1,25.0,0.0,0.0,7.0,0.010955503175332277,0.0
744, 바람개비동산쪽 횡단보도,가천고개 내려가는 길,2000,0,173.0,66.0,1,25.0,0.0,0.0,39.0,0.06245734140010508,-89.47375861244018
745, 가천고개 내려가는 길,가천고개 끝,2000,0,173.0,66.0,1,25.0,0.0,0.0,32.0,0.0479354735013592,-89.59610958413327
746, 가천고개 끝,가천고개 향하는 횡단보도,2000,0,173.0,66.0,1,25.0,0.0,0.0,12.0,0.017697694546870483,0.0
747, 가천고개 향하는 횡단보도,가천관 내려가는 길,2000,0,173.0,66.0,1,25.0,0.0,0.0,7.0,0.012684071888020246,-89.63663297854822
748, 가천관 내려가는 길,가천관 더 내려가는 길,2000,0,173.0,66.0,1,25.0,0.0,0.0,11.0,0.017815353549611487,88.97936340080533
749, 가천관 더 내려가는 길,가천관 코너,2000,0,173.0,66.0,1,25.0,0.0,0.0,8.0,0.01386930741991203,-89.7351176271295
750, 가천관 코너,글로벌센터 가천관 분기점,2000,0,173.0,66.0,1,25.0,0.0,0.0,6.0,0.013899696621259179,0.0
751, 글로벌센터 가천관 분기점,가천관-예술대학2,2000,0,173.0,66.0,1,25.0,0.0,0.0,18.0,0.026270856589441755,0.0
752, 가천관-예술대학2,가천관 - 구 ROTC,2000,0,173.0,66.0,1,25.0,0.0,0.0,43.0,0.05995840791564111,-88.28283245312524
753, 가천관 - 구 ROTC,글로벌센터 내려가는 계단,2000,0,173.0,66.0,1,25.0,0.0,0.0,6.0,0.013706459363799054,-89.93393794421443
754, 글로벌센터 내려가는 계단,공대 분기점,2000,0,173.0,66.0,1,25.0,0.0,0.0,41.0,0.05053224816316234,89.16990225092867
755, 운동장 초입,운동장 도보,1999,0,178.0,71.0,2,26.0,0.0,0.0,10.0,0.015689392360598953,0.0
756, 운동장 도보,총학생회관 횡단보도,1999,0,178.0,71.0,2,26.0,0.0,0.0,59.0,0.08783487002888507,-89.40795432590306
757, 총학생회관 횡단보도,총학생회관 앞 길목,1999,0,178.0,71.0,2,26.0,0.0,0.0,16.0,0.018482601078450022,-89.61401844194782
758, 총학생회관 앞 길목,총학생회관 정문 길목,1999,0,178.0,71.0,2,26.0,0.0,0.0,8.0,0.011575605595276114,-89.3056985801443
759, 총학생회관 횡단보도,총학생회관 앞 길목,2003,1,163.0,55.0,1,26.0,0.0,0.0,89.0,0.018482601078450022,-89.61401844194782
760, 총학생회관 앞 길목,총학생회관 정문 길목,2003,1,163.0,55.0,1,26.0,0.0,0.0,7.0,0.011575605595276114,-89.3056985801443
761, 총학생회관 정문 길목,중앙도서관 횡단보도,1999,0,178.0,71.0,2,26.0,0.0,0.0,58.0,0.06840784460579684,-89.26564859034701
762, 총학생회관 정문 길목,중앙도서관 횡단보도,2003,1,163.0,55.0,1,26.0,0.0,0.0,52.0,0.06840784460579684,-89.26564859034701
763, 중앙도서관 횡단보도,중앙도서관 길목,1999,0,178.0,71.0,2,26.0,0.0,0.0,33.0,0.037869902236779586,89.71207202029682
764, 중앙도서관 횡단보도,중앙도서관 길목,2003,1,163.0,55.0,1,26.0,0.0,0.0,36.0,0.037869902236779586,89.71207202029682
765, 중앙도서관 길목,중앙도서관 정문 길목,1999,0,178.0,71.0,2,26.0,0.0,0.0,17.0,0.02024245910298387,-88.34359379490371
766, 중앙도서관 길목,중앙도서관 정문 길목,2003,1,163.0,55.0,1,26.0,0.0,0.0,17.0,0.02024245910298387,-88.34359379490371
767, 중앙도서관 정문 길목,중앙도서관 흡연구역 입구,1999,0,178.0,71.0,2,26.0,0.0,0.0,47.0,0.04619865161436956,86.22406490331136
768, 중앙도서관 흡연구역 입구,교육대학원-중앙도서관 길목,1999,0,178.0,71.0,2,26.0,0.0,0.0,25.0,0.02883387047688575,0.0
769, 중앙도서관 정문 길목,교육대학원-중앙도서관 길목,2003,1,163.0,55.0,1,26.0,0.0,0.0,53.0,0.07503184743770139,83.88191928268012
770, 교육대학원-중앙도서관 길목,교육대학원 무당이 정류장,2003,1,163.0,55.0,1,26.0,0.0,0.0,43.0,0.04939161464612843,85.96393050992563
771, 교육대학원-중앙도서관 길목,교육대학원 앞 횡단보도,1999,0,178.0,71.0,2,26.0,0.0,0.0,56.0,0.06751945354342752,84.49050182968669
772, 교육대학원 무당이 정류장,교육대학원 앞 횡단보도,2003,1,163.0,55.0,1,26.0,0.0,0.0,12.0,0.018647622023670648,0.0
773, 교육대학원 앞 횡단보도,교육대학원 쪽문,1999,0,178.0,71.0,2,26.0,0.0,0.0,14.0,0.018088148578229823,-84.83218662523609
774, 교육대학원 앞 횡단보도,교육대학원 쪽문,2003,1,163.0,55.0,1,26.0,0.0,0.0,15.0,0.018088148578229823,-84.83218662523609
775, 교육대학원 쪽문,바람개비동산쪽 횡단보도,1999,0,178.0,71.0,2,26.0,0.0,0.0,22.0,0.02597747708160601,-82.59943307132606
776, 교육대학원 쪽문,교육대학원 옆 횡단보도,2003,1,163.0,55.0,1,26.0,0.0,0.0,22.0,0.022611344743864403,-83.54971596399955
777, 교육대학원 옆 횡단보도,교육대학원 학식,2003,1,163.0,55.0,1,26.0,0.0,0.0,10.0,0.013401131030285198,-89.3020088503183
778, 바람개비동산쪽 횡단보도,가천고개 내려가는 길,1999,0,178.0,71.0,2,26.0,0.0,0.0,44.0,0.06245734140010508,-89.47375861244018
779, 교육대학원 학식,가천고개 내려가는 길,2003,1,163.0,55.0,1,26.0,0.0,0.0,37.0,0.050830150412549936,-89.48907440445699
780, 가천고개 내려가는 길,가천고개 끝,1999,0,178.0,71.0,2,26.0,0.0,0.0,40.0,0.0479354735013592,-89.59610958413327
781, 가천고개 내려가는 길,가천고개 끝,2003,1,163.0,55.0,1,26.0,0.0,0.0,36.0,0.0479354735013592,-89.59610958413327
782, 가천고개 끝,가천고개 향하는 횡단보도,1999,0,178.0,71.0,2,26.0,0.0,0.0,13.0,0.017697694546870483,0.0
783, 가천고개 끝,가천고개 향하는 횡단보도,2003,1,163.0,55.0,1,26.0,0.0,0.0,12.0,0.017697694546870483,0.0
784, 가천고개 향하는 횡단보도,가천관 내려가는 길,1999,0,178.0,71.0,2,26.0,0.0,0.0,6.0,0.012684071888020246,-89.63663297854822
785, 가천고개 향하는 횡단보도,가천관 내려가는 길,2003,1,163.0,55.0,1,26.0,0.0,0.0,9.0,0.012684071888020246,-89.63663297854822
786, 가천관 내려가는 길,가천관 더 내려가는 길,2003,1,163.0,55.0,1,26.0,0.0,0.0,9.0,0.017815353549611487,88.97936340080533
787, 가천관 내려가는 길,가천관 더 내려가는 길,1999,0,178.0,71.0,2,26.0,0.0,0.0,13.0,0.017815353549611487,88.97936340080533
788, 가천관 더 내려가는 길,가천관 코너,2003,1,163.0,55.0,1,26.0,0.0,0.0,9.0,0.01386930741991203,-89.7351176271295
789, 가천관 코너,글로벌센터 가천관 분기점,2003,1,163.0,55.0,1,26.0,0.0,0.0,11.0,0.013899696621259179,0.0
790, 가천관 더 내려가는 길,공과대학-가천관 횡단보도,1999,0,178.0,71.0,2,26.0,0.0,0.0,95.0,0.11916123784961981,-87.72538372286415
791, 글로벌센터 가천관 분기점,공과대학-가천관 횡단보도,2003,1,163.0,55.0,1,26.0,0.0,0.0,80.0,0.10364052477381852,0.0
792, 공과대학-가천관 횡단보도,바나연 코너 횡단보도,1999,0,178.0,71.0,2,26.0,0.0,0.0,87.0,0.11167449636651591,-89.38478544072646
793, 공과대학-가천관 횡단보도,바나연 코너 횡단보도,2003,1,163.0,55.0,1,26.0,0.0,0.0,86.0,0.11167449636651591,-89.38478544072646
794, 바나연 코너 횡단보도,비전타워-바나연 횡단보도,2003,1,163.0,55.0,1,26.0,0.0,0.0,8.0,0.013488598700853605,0.0
795, 바나연 코너 횡단보도,바이오나노연구원 앞 엘리베이터,1999,0,178.0,71.0,2,26.0,0.0,0.0,61.0,0.073240968462438,69.88702476146493
796, 비전타워-바나연 횡단보도,바이오나노연구원 앞 엘리베이터,2003,1,163.0,55.0,1,26.0,0.0,0.0,49.0,0.07201448676332112,70.19744972888702
797, 바이오나노연구원 앞 엘리베이터,비전타워 정문 앞 횡단보도,1999,0,178.0,71.0,2,26.0,0.0,0.0,22.0,0.08212753663005479,-89.64789487757821
800, 가천대학교 반도체대학쪽 정문,가천대학교 비전타워쪽 정문,2003,1,163.0,55.0,1,0.0,0.0,0.0,12.0,0.020965497529313575,0.0
801, 가천대학교 비전타워쪽 정문,비전타워 정문,2003,1,163.0,55.0,1,0.0,0.0,0.0,84.0,0.09148136794628596,89.01113663240596
