birthYear,gender,height,weight,walkSpeed,temperature,precipitationProbability,precipitation,weightShortest,weightOptimal,takeTime
2000,0,173.0,73.0,1,12.0,0,0.0,0.0,0.014123510538141806,2
2000,0,173.0,73.0,1,12.0,0,0.0,0.0,0.014123510538141806,2
2000,0,173.0,73.0,1,12.0,0,0.0,-89.50052288710563,0.03487096397939337,12
2000,0,173.0,73.0,1,12.0,0,0.0,0.0,0.011430476240480146,22
2000,0,173.0,73.0,1,12.0,0,0.0,0.0,0.014123510538141806,2
2000,0,173.0,73.0,1,12.0,0,0.0,-89.50052288710563,0.03487096397939337,12
2000,0,173.0,73.0,1,12.0,0,0.0,0.0,0.011430476240480146,22
2000,0,173.0,73.0,1,12.0,0,0.0,0.0,0.014123510538141806,2
2000,0,173.0,73.0,1,12.0,0,0.0,-89.50052288710563,0.03487096397939337,12
2000,0,173.0,73.0,1,12.0,0,0.0,0.0,0.011430476240480146,22
2000,0,173.0,73.0,1,22.0,0,0.0,0.0,0.03781663868881046,26
2000,0,173.0,73.0,1,22.0,0,0.0,0.0,0.0395531977147475,23
2000,0,173.0,73.0,1,19.0,0,0.0,0.0,0.03781663868881046,28
2000,0,173.0,73.0,1,19.0,0,0.0,0.0,0.04011134787026926,30
2000,0,173.0,73.0,1,19.0,0,0.0,0.0,0.035574168607860356,24
2000,0,173.0,73.0,1,19.0,0,0.0,0.0,0.0395531977147475,30
2000,0,173.0,73.0,1,19.0,0,0.0,0.0,0.029137627184266535,23
2000,0,173.0,73.0,1,19.0,0,0.0,89.79433214652654,0.03015261165893243,32
2000,0,173.0,73.0,1,19.0,0,0.0,0.0,0.012800764657800744,11
2000,0,173.0,73.0,1,19.0,0,0.0,82.49794045989957,0.026337813308360793,20
2000,0,173.0,73.0,1,19.0,0,0.0,88.18551174275333,0.057022894056328384,46
2000,0,173.0,73.0,1,19.0,0,0.0,0.0,0.04675669729569994,38
2000,0,173.0,73.0,1,19.0,0,0.0,0.0,0.04110915076364704,27
2000,0,173.0,73.0,1,19.0,0,0.0,0.0,0.01779448551058461,12
2000,0,173.0,73.0,1,19.0,0,0.0,0.0,0.012514865329997876,10
2000,0,173.0,73.0,1,19.0,0,0.0,0.0,0.012316510685371674,9
2000,0,173.0,73.0,1,19.0,0,0.0,0.0,0.03901037802856154,33
2000,0,173.0,73.0,1,19.0,0,0.0,0.0,0.044839919020366846,36
2000,0,173.0,73.0,1,19.0,0,0.0,0.0,0.015179008541504573,9
2000,0,173.0,73.0,1,19.0,0,0.0,-89.38431492673384,0.10853606761967399,86
2000,0,173.0,73.0,1,19.0,0,0.0,-81.89520295279787,0.042721949054478466,29
2000,0,173.0,73.0,1,19.0,0,0.0,0.0,0.015889558189932144,12
2000,0,173.0,73.0,1,19.0,0,0.0,0.0,0.034470481365690274,25
1999,1,178.1,69.7,2,19.8,10,10.0,-76.50223918596069,0.07201122772421964,10
1999,1,178.1,69.7,2,19.8,10,10.0,-76.50223918596069,0.07201122772421964,10
1999,1,178.1,69.7,2,19.8,10,10.0,-76.50223918596069,0.07201122772421964,10
1999,1,178.1,69.7,2,19.8,10,10.0,-76.50223918596069,0.07201122772421964,10
1999,1,178.1,69.7,2,19.8,10,10.0,-76.50223918596069,0.07201122772421964,10
1999,1,178.1,69.7,2,19.8,10,10.0,-76.50223918596069,0.07201122772421964,10
2002,1,178.1,69.7,2,19.8,10,10.0,-76.50223918596069,0.07201122772421964,10
2000,0,173.0,65.0,1,17.0,60,1.0,0.0,0.01264054587192205,8
2000,0,173.0,65.0,1,17.0,60,1.0,0.0,0.01638386516149479,10
2000,0,173.0,65.0,1,17.0,60,1.0,0.0,0.01638386516149479,4
1999,0,178.0,71.0,2,0.0,0,0.0,-89.68470278469094,0.05796208204793505,34
1999,0,178.0,71.0,2,0.0,0,0.0,61.50456784139774,0.011565423177815934,6
1999,0,178.0,71.0,2,0.0,0,0.0,89.87129287326552,0.023612579574638953,16
1999,0,178.0,71.0,2,0.0,0,0.0,0.0,0.029613020563533293,17
1999,0,178.0,71.0,2,0.0,0,0.0,-89.16990225092867,0.05053224816316234,39
1999,0,178.0,71.0,2,0.0,0,0.0,89.93393794421443,0.013706459363799054,6
1999,0,178.0,71.0,2,0.0,0,0.0,88.28283245312524,0.05995840791564111,34
1999,0,178.0,71.0,2,0.0,0,0.0,0.0,0.026270856589441755,14
1999,0,178.0,71.0,2,0.0,0,0.0,89.64340882020043,0.018671311587358085,12
1999,0,178.0,71.0,2,0.0,0,0.0,-88.97936340080533,0.017815353549611487,107
1999,0,178.0,71.0,2,0.0,0,0.0,89.63663297854822,0.012684071888020246,9
1999,0,178.0,71.0,2,0.0,0,0.0,0.0,0.017697694546870483,6
1999,0,178.0,71.0,2,0.0,0,0.0,89.59610958413327,0.0479354735013592,28
1999,0,178.0,71.0,2,0.0,0,0.0,89.46044572637027,0.06403748321895833,39
1999,0,178.0,71.0,2,0.0,0,0.0,83.54971596399955,0.022611344743864403,12
1999,0,178.0,71.0,2,0.0,0,0.0,84.83218662523609,0.018088148578229823,11
1999,0,178.0,71.0,2,0.0,0,0.0,0.0,0.018647622023670648,10
1999,0,178.0,71.0,2,0.0,0,0.0,-85.96393050992563,0.04939161464612843,26
1999,0,178.0,71.0,2,0.0,0,0.0,0.0,0.02883387047688575,20
1999,0,178.0,71.0,2,0.0,0,0.0,-86.22406490331136,0.04619865161436956,27
1999,0,178.0,71.0,2,0.0,0,0.0,88.34359379490371,0.02024245910298387,11
1999,0,178.0,71.0,2,0.0,0,0.0,-89.71207202029682,0.037869902236779586,21
1999,0,178.0,71.0,2,0.0,0,0.0,88.76198803455307,0.06882633232503003,42
1999,0,178.0,71.0,2,0.0,0,0.0,-82.19606160399502,0.03904106249169975,25
1999,0,178.0,71.0,2,0.0,0,0.0,-89.71055986210361,0.024751754641411057,14
1999,0,178.0,71.0,2,0.0,0,0.0,-89.74201422138862,0.013034465235654574,6
1999,0,178.0,71.0,2,0.0,0,0.0,-89.69179205063061,0.053766989853744236,32
1999,0,178.0,71.0,2,0.0,0,0.0,89.48250030337415,0.07709506083444671,46
1999,0,178.0,70.0,2,13.0,0,0.0,0.0,0.1132586934102918,72
1999,0,178.0,70.0,2,13.0,0,0.0,-89.48058570955853,0.05439442740975048,37
1999,0,178.0,70.0,2,13.0,0,0.0,-89.83121898248088,0.031027323606880212,31
1999,0,178.0,70.0,2,13.0,0,0.0,61.50456784139774,0.011565423177815934,7
1999,0,178.0,70.0,2,13.0,0,0.0,89.87129287326552,0.023612579574638953,18
2000,0,173.0,66.0,2,19.0,0,0.0,0.0,0.025574579141661988,23
2000,0,173.0,65.0,1,19.0,0,0.0,0.0,0.026270856589441755,20
2000,0,173.0,66.0,2,19.0,0,0.0,-89.8224599332683,0.06917752593840373,49
2000,0,173.0,65.0,1,19.0,0,0.0,-88.28283245312524,0.05995840791564111,44
2000,0,173.0,65.0,1,19.0,0,0.0,0.0,0.01354802328550384,10
2000,0,173.0,66.0,2,19.0,0,0.0,89.84572133458866,0.03295882420760795,13
2000,0,173.0,65.0,1,19.0,0,0.0,89.71440171269417,0.009969343471123413,7
2000,0,173.0,66.0,2,19.0,0,0.0,89.79972523017464,0.035250923783760026,24
2000,0,173.0,65.0,1,19.0,0,0.0,0.0,0.020774679312000787,16
2000,0,173.0,66.0,2,19.0,0,0.0,89.00364641421103,0.013913122939678434,7
2000,0,173.0,65.0,1,19.0,0,0.0,0.0,0.020774679312000787,10
2000,0,173.0,65.0,1,19.0,0,0.0,-89.71440171269417,0.009969343471123413,8
2000,0,173.0,65.0,1,19.0,0,0.0,0.0,0.01354802328550384,9
2000,0,173.0,66.0,2,19.0,0,0.0,-89.87355005718992,0.025159474235493078,20
2000,0,173.0,65.0,1,19.0,0,0.0,-89.93393794421443,0.013706459363799054,11
2000,0,173.0,66.0,2,19.0,0,0.0,-89.68336533970792,0.03714240719297068,32
2000,0,173.0,65.0,1,19.0,0,0.0,89.16990225092867,0.05053224816316234,44
2000,0,173.0,66.0,2,19.0,0,0.0,89.65808915161185,0.042494480924725714,28
2000,0,173.0,65.0,1,19.0,0,0.0,0.0,0.029613020563533293,22
2000,0,173.0,65.0,1,19.0,0,0.0,0.0,0.020661023173019655,18
2000,0,173.0,65.0,1,19.0,0,0.0,0.0,0.017786981554024705,12
2000,0,173.0,65.0,1,19.0,0,0.0,0.0,0.017786981554024705,15
2000,0,173.0,65.0,1,19.0,0,0.0,-89.90786106040888,0.016903774593836834,12
2000,0,173.0,66.0,2,19.0,0,0.0,-67.1809532987928,0.0841505033174869,35
2000,0,173.0,65.0,1,19.0,0,0.0,-61.50456784139774,0.011565423177815934,8
2000,0,173.0,65.0,1,19.0,0,0.0,89.68470278469094,0.05796208204793505,46
2000,0,173.0,66.0,2,19.0,0,0.0,-89.68470278469094,0.05796208204793505,59
2000,0,173.0,65.0,1,19.0,0,0.0,82.03126868001293,0.04199530697230977,33
2000,0,173.0,65.0,1,19.0,0,0.0,-82.03126868001293,0.04199530697230977,33
2000,0,173.0,65.0,1,19.0,0,0.0,-89.68470278469094,0.05796208204793505,46
2000,0,173.0,65.0,1,19.0,0,0.0,61.50456784139774,0.011565423177815934,9
2000,0,173.0,65.0,1,19.0,0,0.0,89.90786106040888,0.016903774593836834,16
2000,0,173.0,65.0,1,19.0,0,0.0,0.0,0.017786981554024705,24
2000,0,173.0,66.0,2,19.0,0,0.0,89.84513758377167,0.02846862861528679,68
2000,0,173.0,66.0,2,19.0,0,0.0,0.0,0.020661023173019655,14
2000,0,173.0,66.0,2,19.0,0,0.0,0.0,0.029613020563533293,22
2000,0,173.0,65.0,1,19.0,0,0.0,0.0,0.04669539000537145,44
2000,0,173.0,65.0,1,19.0,0,0.0,-89.90786106040888,0.016903774593836834,11
2000,0,173.0,65.0,1,19.0,0,0.0,-61.50456784139774,0.011565423177815934,8
2000,0,173.0,65.0,1,19.0,0,0.0,89.68470278469094,0.05796208204793505,46
2000,0,173.0,65.0,1,19.0,0,0.0,-89.68470278469094,0.05796208204793505,54
2000,0,173.0,65.0,1,19.0,0,0.0,89.84513758377167,0.02846862861528679,22
2000,0,173.0,65.0,1,19.0,0,0.0,0.0,0.020661023173019655,14
2000,0,173.0,66.0,2,19.0,0,0.0,0.0,0.08566197338564518,51
2000,0,173.0,65.0,1,19.0,0,0.0,0.0,0.029613020563533293,20
2000,0,173.0,66.0,2,19.0,0,0.0,0.0,0.01638386516149479,10
2000,0,173.0,66.0,2,19.0,0,0.0,0.0,0.029055506562715917,34
2000,0,173.0,65.0,1,19.0,0,0.0,-89.16990225092867,0.05053224816316234,56
2000,0,173.0,65.0,1,19.0,0,0.0,89.93393794421443,0.013706459363799054,10
2000,0,173.0,66.0,2,19.0,0,0.0,-89.83121898248088,0.031027323606880212,36
2000,0,173.0,66.0,2,19.0,0,0.0,61.50456784139774,0.011565423177815934,12
2000,0,173.0,66.0,2,19.0,0,0.0,89.90786106040888,0.016903774593836834,13
2000,0,173.0,66.0,2,19.0,0,0.0,0.0,0.017786981554024705,13
2000,0,173.0,65.0,1,19.0,0,0.0,88.28283245312524,0.05995840791564111,49
2000,0,173.0,66.0,2,19.0,0,0.0,0.0,0.025512686947061426,29
2000,0,173.0,65.0,1,19.0,0,0.0,0.0,0.03009914257837548,31
2000,0,173.0,66.0,2,19.0,0,0.0,0.0,0.025512686947061426,19
2000,0,173.0,66.0,2,19.0,0,0.0,0.0,0.017786981554024705,23
2000,0,173.0,66.0,2,19.0,0,0.0,89.32613053014812,0.023523566611651548,13
2000,0,173.0,66.0,2,19.0,0,0.0,-89.12629461447864,0.030500435496317365,16
2000,0,173.0,66.0,2,19.0,0,0.0,-89.16990225092867,0.05053224816316234,45
2000,0,173.0,66.0,2,19.0,0,0.0,89.93393794421443,0.013706459363799054,17
2000,0,173.0,66.0,2,19.0,0,0.0,88.28283245312524,0.05995840791564111,43
2000,0,173.0,66.0,2,19.0,0,0.0,0.0,0.03009914257837548,21
2000,0,173.0,66.0,1,19.0,0,0.0,89.7351176271295,0.01386930741991203,8
2000,0,173.0,65.0,1,19.0,0,0.0,-88.97936340080533,0.017815353549611487,25
2000,0,173.0,66.0,1,19.0,0,0.0,-88.97936340080533,0.017815353549611487,16
2000,0,173.0,66.0,1,19.0,0,0.0,89.42968552945658,0.019908388073786264,11
2000,0,173.0,65.0,1,19.0,0,0.0,89.42968552945658,0.019908388073786264,15
2000,0,173.0,65.0,1,19.0,0,0.0,89.47326329379786,0.06251613196392493,55
2000,0,173.0,66.0,1,19.0,0,0.0,89.47326329379786,0.06251613196392493,55
2000,0,173.0,66.0,1,19.0,0,0.0,89.47285038444276,0.052444309516773854,45
2000,0,173.0,65.0,1,19.0,0,0.0,89.47285038444276,0.052444309516773854,50
2000,0,173.0,66.0,1,19.0,0,0.0,89.3020088503183,0.013401131030285198,9
2000,0,173.0,65.0,1,19.0,0,0.0,89.3020088503183,0.013401131030285198,11
2000,0,173.0,66.0,1,19.0,0,0.0,83.54971596399955,0.022611344743864403,21
2000,0,173.0,65.0,1,19.0,0,0.0,83.54971596399955,0.022611344743864403,19
2000,0,173.0,66.0,1,19.0,0,0.0,84.83218662523609,0.018088148578229823,12
2000,0,173.0,65.0,1,19.0,0,0.0,84.83218662523609,0.018088148578229823,14
2000,0,173.0,66.0,1,19.0,0,0.0,0.0,0.018647622023670648,13
2000,0,173.0,65.0,1,19.0,0,0.0,0.0,0.018647622023670648,14
2000,0,173.0,65.0,1,19.0,0,0.0,-85.96393050992563,0.04939161464612843,42
2000,0,173.0,66.0,0,19.0,0,0.0,0.0,0.02883387047688575,20
2000,0,173.0,65.0,1,19.0,0,0.0,0.0,0.02883387047688575,21
2000,0,173.0,65.0,1,19.0,0,0.0,-86.22406490331136,0.04619865161436956,38
2000,0,173.0,66.0,0,19.0,0,0.0,-86.22406490331136,0.04619865161436956,46
2000,0,173.0,65.0,1,19.0,0,0.0,88.34359379490371,0.02024245910298387,15
2000,0,173.0,66.0,0,19.0,0,0.0,88.34359379490371,0.02024245910298387,11
2000,0,173.0,65.0,1,19.0,0,0.0,-89.71207202029682,0.037869902236779586,33
2000,0,173.0,65.0,1,19.0,0,0.0,89.48228216910887,0.01957971023478734,31
2000,0,173.0,65.0,1,19.0,0,0.0,89.11690927379364,0.04886594939235726,40
2000,0,173.0,65.0,1,19.0,0,0.0,-89.76228324813825,0.00892950372650068,7
2000,0,173.0,66.0,0,19.0,0,0.0,-89.64642681226562,0.015327166252046888,11
2000,0,173.0,65.0,1,19.0,0,0.0,-82.19606160399502,0.03904106249169975,38
2000,0,173.0,66.0,0,19.0,0,0.0,-89.26046493364784,0.04378783761246396,41
2000,0,173.0,65.0,1,19.0,0,0.0,-89.71055986210361,0.024751754641411057,17
2000,0,173.0,66.0,0,19.0,0,0.0,-89.71055986210361,0.024751754641411057,22
2000,0,173.0,65.0,1,19.0,0,0.0,-89.74201422138862,0.013034465235654574,9
2000,0,173.0,66.0,0,19.0,0,0.0,-89.74201422138862,0.013034465235654574,8
2000,0,173.0,65.0,1,19.0,0,0.0,-89.69179205063061,0.053766989853744236,43
2000,0,173.0,66.0,0,19.0,0,0.0,-89.69179205063061,0.053766989853744236,35
2000,0,173.0,66.0,0,19.0,0,0.0,89.48250030337415,0.07709506083444671,62
2000,0,173.0,66.0,0,19.0,0,0.0,-89.04513937287659,0.008500172492682964,6
2000,0,173.0,66.0,0,19.0,0,0.0,0.0,0.032396664428712425,31
2000,0,173.0,66.0,0,19.0,0,0.0,-89.95518872994742,0.007821043638855127,8
2000,0,173.0,65.0,1,19.0,0,0.0,0.0,0.032396664428712425,27
2000,0,173.0,65.0,1,19.0,0,0.0,-89.95518872994742,0.007821043638855127,7
2000,0,173.0,65.0,1,19.0,0,0.0,89.8919331650464,0.018861243187518174,18
2000,0,173.0,66.0,1,22.0,0,0.0,0.0,0.020621745981618218,17
2000,0,173.0,65.0,1,22.0,0,0.0,0.0,0.020621745981618218,29
2000,0,173.0,66.0,1,22.0,0,0.0,0.0,0.03985981808131448,38
2000,0,173.0,66.0,1,22.0,0,0.0,0.0,0.10284306180837596,77
2000,0,173.0,65.0,1,22.0,0,0.0,0.0,0.1132586934102918,97
2000,0,173.0,66.0,1,22.0,0,0.0,0.0,0.015689392360598953,8
2000,0,173.0,65.0,1,22.0,0,0.0,0.0,0.015689392360598953,12
2000,0,173.0,65.0,1,22.0,0,0.0,-89.6017939829128,0.04170070801603717,44
2000,0,173.0,66.0,1,22.0,0,0.0,-89.6017939829128,0.04170070801603717,51
2000,0,173.0,65.0,1,22.0,0,0.0,-88.77824993096002,0.05331698457377089,40
2000,0,173.0,66.0,1,22.0,0,0.0,-88.77824993096002,0.05331698457377089,39
2000,0,173.0,65.0,1,22.0,0,0.0,-89.61401844194782,0.018482601078450022,16
2000,0,173.0,66.0,1,22.0,0,0.0,-89.61401844194782,0.018482601078450022,17
2000,0,173.0,66.0,1,22.0,0,0.0,-89.3056985801443,0.011575605595276114,7
2000,0,173.0,65.0,1,22.0,0,0.0,-89.3056985801443,0.011575605595276114,9
2000,0,173.0,65.0,1,22.0,0,0.0,-89.11690927379364,0.04886594939235726,39
2000,0,173.0,66.0,1,22.0,0,0.0,-89.11690927379364,0.04886594939235726,41
2000,0,173.0,66.0,1,22.0,0,0.0,-89.48228216910887,0.01957971023478734,17
2000,0,173.0,65.0,1,22.0,0,0.0,-89.48228216910887,0.01957971023478734,19
2000,0,173.0,66.0,1,22.0,0,0.0,89.71207202029682,0.037869902236779586,28
2000,0,173.0,65.0,1,22.0,0,0.0,89.71207202029682,0.037869902236779586,28
2000,0,173.0,65.0,1,22.0,0,0.0,-88.34359379490371,0.02024245910298387,17
2000,0,173.0,66.0,1,22.0,0,0.0,-88.34359379490371,0.02024245910298387,20
2000,0,173.0,66.0,0,22.0,0,0.0,86.22406490331136,0.04619865161436956,40
2000,0,173.0,65.0,1,22.0,0,0.0,86.22406490331136,0.04619865161436956,34
2000,0,173.0,66.0,0,22.0,0,0.0,0.0,0.02883387047688575,24
2000,0,173.0,65.0,1,22.0,0,0.0,0.0,0.02883387047688575,19
2000,0,173.0,66.0,0,22.0,0,0.0,85.96393050992563,0.04939161464612843,38
2000,0,173.0,65.0,1,22.0,0,0.0,85.96393050992563,0.04939161464612843,37
2000,0,173.0,66.0,0,22.0,0,0.0,0.0,0.018647622023670648,18
2000,0,173.0,65.0,1,22.0,0,0.0,0.0,0.018647622023670648,17
2000,0,173.0,66.0,0,22.0,0,0.0,0.0,0.01033202175580085,9
2000,0,173.0,65.0,1,22.0,0,0.0,0.0,0.01033202175580085,6
2000,0,173.0,65.0,1,22.0,0,0.0,-86.19842022519668,0.013289524135084739,10
2000,0,173.0,66.0,0,22.0,0,0.0,-83.69215820084018,0.02210791265815575,13
2000,0,173.0,65.0,1,22.0,0,0.0,89.07647733349258,0.01611990728991885,15
2000,0,173.0,66.0,0,22.0,0,0.0,0.0,0.012499104922339414,13
2000,0,173.0,66.0,0,22.0,0,0.0,89.07647733349258,0.01611990728991885,15
2000,0,173.0,65.0,1,22.0,0,0.0,-87.4657073605586,0.053112742875260514,40
2000,0,173.0,66.0,0,22.0,0,0.0,-87.48756482240971,0.052654072191758355,34
2000,0,173.0,65.0,1,22.0,0,0.0,-88.53757111878855,0.02297676903623021,18
2000,0,173.0,66.0,0,22.0,0,0.0,-88.53757111878855,0.02297676903623021,15
2000,0,173.0,65.0,1,22.0,0,0.0,-85.74427680171878,0.037206638882851195,31
2000,0,173.0,66.0,0,22.0,0,0.0,-85.74427680171878,0.037206638882851195,26
2000,0,173.0,66.0,0,22.0,0,0.0,-88.86457452244034,0.013873655251566318,9
2000,0,173.0,65.0,1,22.0,0,0.0,0.0,0.011765553460961718,12
2000,0,173.0,65.0,1,22.0,0,0.0,0.0,0.011765553460961718,8
2000,0,173.0,65.0,1,22.0,0,0.0,-88.86457452244034,0.013873655251566318,9
2000,0,173.0,66.0,0,22.0,0,0.0,-89.73410163710082,0.037126681799382756,29
2000,0,173.0,65.0,1,22.0,0,0.0,-89.73410163710082,0.037126681799382756,26
2000,0,173.0,65.0,1,22.0,0,0.0,87.47669315488241,0.013220552037918847,9
2000,0,173.0,65.0,1,22.0,0,0.0,-87.47669315488241,0.013220552037918847,10
2000,0,173.0,66.0,0,22.0,0,0.0,-75.11659429421813,0.026576932055854027,38
2000,0,173.0,66.0,0,22.0,0,0.0,-89.01267367783011,0.017233800978170715,12
2000,0,173.0,65.0,1,22.0,0,0.0,-88.92484322003588,0.020643951512966226,18
2000,0,173.0,66.0,0,22.0,0,0.0,-89.50976682749506,0.016257144350203194,13
2000,0,173.0,65.0,1,22.0,0,0.0,-89.50976682749506,0.016257144350203194,13
2000,0,173.0,65.0,1,22.0,0,0.0,-89.28751765316441,0.0373074114527378,31
2000,0,173.0,66.0,0,22.0,0,0.0,-89.28751765316441,0.0373074114527378,37
2000,0,173.0,66.0,0,22.0,0,0.0,-88.99471945736236,0.019301981613441595,22
2000,0,173.0,65.0,1,22.0,0,0.0,-89.87834079127694,0.02703360021120999,26
2000,0,173.0,66.0,0,22.0,0,0.0,87.66656717286116,0.00814972338842827,4
2000,0,173.0,66.0,0,22.0,0,0.0,0.0,0.013745072869584074,7
2000,0,173.0,65.0,1,22.0,0,0.0,70.35848301962302,0.02321511859315087,23
2000,0,173.0,66.0,0,22.0,0,0.0,-83.79808916232389,0.0217337016946089,18
2000,0,173.0,66.0,0,22.0,0,0.0,87.66656717286116,0.00814972338842827,2
2000,0,173.0,65.0,1,22.0,0,0.0,89.94179319835612,0.011445636749905442,10
2000,0,173.0,65.0,1,22.0,0,0.0,-89.94179319835612,0.011445636749905442,9
2000,0,173.0,66.0,0,22.0,0,0.0,-89.89685545988324,0.0211822006419252,12
2000,0,173.0,66.0,0,22.0,0,0.0,84.43518028699951,0.07468004789764429,50
2000,0,173.0,65.0,1,22.0,0,0.0,84.43518028699951,0.07468004789764429,59
2000,0,173.0,66.0,0,22.0,0,0.0,0.0,0.04669539000537145,36
2000,0,173.0,65.0,1,22.0,0,0.0,0.0,0.04669539000537145,37
2000,0,173.0,66.0,0,22.0,0,0.0,-89.90786106040888,0.016903774593836834,10
2000,0,173.0,66.0,0,22.0,0,0.0,-61.50456784139774,0.011565423177815934,8
2000,0,173.0,66.0,0,22.0,0,0.0,89.83121898248088,0.031027323606880212,31
2000,0,173.0,66.0,0,22.0,0,0.0,0.0,0.0164180135442759,10
2000,0,173.0,66.0,0,22.0,0,0.0,0.0,0.01264054587192205,11
2000,0,173.0,66.0,0,22.0,0,0.0,0.0,0.0238252645918471,20
2000,0,173.0,66.0,0,22.0,0,0.0,-86.9275563312006,0.026837858617868592,18
2000,0,173.0,65.0,1,22.0,0,0.0,0.0,0.0164180135442759,9
2000,0,173.0,65.0,1,22.0,0,0.0,0.0,0.01264054587192205,5
2000,0,173.0,66.0,0,22.0,0,0.0,0.0,0.030014385884916103,21
2000,0,173.0,65.0,1,22.0,0,0.0,0.0,0.0209627703928093,14
2000,0,173.0,65.0,1,22.0,0,0.0,-86.93879329404466,0.026739516130239265,19
2000,0,173.0,65.0,1,22.0,0,0.0,0.0,0.012396137490274834,9
2000,0,173.0,65.0,1,22.0,0,0.0,0.0,0.018097596807894203,14
2000,0,173.0,66.0,0,22.0,0,0.0,0.0,0.06410842606365887,51
2000,0,173.0,65.0,1,20.0,0,0.0,0.0,0.022740631218881036,20
2000,0,173.0,65.0,1,20.0,0,0.0,-89.68470278469094,0.05796208204793505,46
2000,0,173.0,65.0,1,20.0,0,0.0,-89.12629461447864,0.030500435496317365,23
2000,0,173.0,65.0,1,20.0,0,0.0,89.56206963964509,0.06420519443766182,63
2000,0,173.0,65.0,1,20.0,0,0.0,88.28283245312524,0.05995840791564111,46
2000,0,173.0,65.0,1,20.0,0,0.0,0.0,0.026270856589441755,27
2000,0,173.0,65.0,1,20.0,0,0.0,0.0,0.013899696621259179,5
2000,0,173.0,65.0,1,20.0,0,0.0,89.7351176271295,0.01386930741991203,7
2000,0,173.0,65.0,1,20.0,0,0.0,-88.97936340080533,0.017815353549611487,13
2000,0,173.0,65.0,1,20.0,0,0.0,89.42968552945658,0.019908388073786264,12
2000,0,173.0,65.0,1,20.0,0,0.0,89.47326329379786,0.06251613196392493,55
2000,0,173.0,65.0,1,20.0,0,0.0,89.47285038444276,0.052444309516773854,45
2000,0,173.0,65.0,1,20.0,0,0.0,89.3020088503183,0.013401131030285198,10
2000,0,173.0,65.0,1,20.0,0,0.0,83.54971596399955,0.022611344743864403,15
2000,0,173.0,65.0,1,20.0,0,0.0,84.83218662523609,0.018088148578229823,13
2000,0,173.0,65.0,1,20.0,0,0.0,0.0,0.018647622023670648,13
2000,0,173.0,65.0,1,20.0,0,0.0,-85.96393050992563,0.04939161464612843,38
2000,0,173.0,65.0,1,20.0,0,0.0,0.0,0.02883387047688575,21
2000,0,173.0,65.0,1,20.0,0,0.0,-86.22406490331136,0.04619865161436956,34
2000,0,173.0,65.0,1,20.0,0,0.0,0.0,0.01903050666269261,18
2000,0,173.0,65.0,1,13.0,0,0.0,87.66107477286548,0.028591245866927923,32
2000,0,173.0,65.0,1,13.0,0,0.0,-89.71207202029682,0.037869902236779586,26
2000,0,173.0,65.0,1,13.0,0,0.0,89.48228216910887,0.01957971023478734,18
2000,0,173.0,65.0,1,13.0,0,0.0,89.11690927379364,0.04886594939235726,40
2000,0,173.0,65.0,1,13.0,0,0.0,-89.76228324813825,0.00892950372650068,7
2000,0,173.0,65.0,1,13.0,0,0.0,-89.71055986210361,0.024751754641411057,19
2000,0,173.0,65.0,1,13.0,0,0.0,-89.74201422138862,0.013034465235654574,10
2000,0,173.0,65.0,1,13.0,0,0.0,-89.69179205063061,0.053766989853744236,46
2000,0,173.0,65.0,1,13.0,0,0.0,89.48250030337415,0.07709506083444671,62
2000,0,173.0,65.0,1,13.0,0,0.0,-89.04513937287659,0.008500172492682964,6
2000,0,173.0,65.0,1,13.0,0,0.0,89.04513937287659,0.008500172492682964,4
2000,0,173.0,65.0,1,0.0,0,0.0,-89.04513937287659,0.008500172492682964,19
2000,0,173.0,66.0,1,25.0,0,0.0,89.04513937287659,0.008500172492682964,14
2000,0,173.0,66.0,1,25.0,0,0.0,-89.48250030337415,0.07709506083444671,55
2000,0,173.0,65.0,1,0.0,0,0.0,-89.38913768260855,0.08556722784903908,66
2000,0,173.0,66.0,1,25.0,0,0.0,89.69179205063061,0.053766989853744236,48
2000,0,173.0,65.0,1,0.0,0,0.0,89.69179205063061,0.053766989853744236,46
2000,0,173.0,66.0,1,25.0,0,0.0,89.74201422138862,0.013034465235654574,14
2000,0,173.0,65.0,1,0.0,0,0.0,89.74201422138862,0.013034465235654574,13
2000,0,173.0,66.0,1,25.0,0,0.0,89.71055986210361,0.024751754641411057,18
2000,0,173.0,65.0,1,0.0,0,0.0,89.71055986210361,0.024751754641411057,19
2000,0,173.0,66.0,1,25.0,0,0.0,89.76228324813825,0.00892950372650068,2
2000,0,173.0,65.0,1,0.0,0,0.0,89.76228324813825,0.00892950372650068,7
2000,0,173.0,65.0,1,0.0,0,0.0,-89.11690927379364,0.04886594939235726,43
2000,0,173.0,65.0,1,0.0,0,0.0,-89.48228216910887,0.01957971023478734,15
2000,0,173.0,66.0,2,25.0,0,0.0,0.0,0.01903050666269261,15
2000,0,173.0,66.0,2,25.0,0,0.0,86.22406490331136,0.04619865161436956,32
2000,0,173.0,66.0,2,25.0,0,0.0,0.0,0.02883387047688575,19
2000,0,173.0,66.0,2,25.0,0,0.0,85.96393050992563,0.04939161464612843,38
2000,0,173.0,66.0,2,25.0,0,0.0,0.0,0.018647622023670648,10
2000,0,173.0,66.0,2,25.0,0,0.0,-84.83218662523609,0.018088148578229823,13
2000,0,173.0,66.0,2,25.0,0,0.0,-83.54971596399955,0.022611344743864403,15
2000,0,173.0,66.0,2,25.0,0,0.0,0.0,0.010955503175332277,8
2000,0,173.0,66.0,2,25.0,0,0.0,-89.47375861244018,0.06245734140010508,37
2000,0,173.0,66.0,2,25.0,0,0.0,-89.59610958413327,0.0479354735013592,30
2000,0,173.0,66.0,2,25.0,0,0.0,0.0,0.017697694546870483,10
2000,0,173.0,66.0,2,25.0,0,0.0,-89.63663297854822,0.012684071888020246,8
2000,0,173.0,66.0,2,25.0,0,0.0,88.97936340080533,0.017815353549611487,13
2000,0,173.0,66.0,2,25.0,0,0.0,-89.64340882020043,0.018671311587358085,11
2000,0,173.0,66.0,2,25.0,0,0.0,0.0,0.03978748300673224,29
2000,0,173.0,66.0,2,25.0,0,0.0,0.0,0.04414220642988153,29
2000,0,173.0,66.0,2,25.0,0,0.0,0.0,0.025574579141661988,21
2000,0,173.0,66.0,2,25.0,0,0.0,-89.3141502365394,0.12449744650924112,84
2000,0,173.0,66.0,2,25.0,0,0.0,0.0,0.027574394561825238,19
2000,0,173.0,66.0,2,25.0,0,0.0,-85.93640219865576,0.03552115880212925,21
2000,0,173.0,66.0,2,25.0,0,0.0,0.0,0.018097596807894203,12
2000,0,173.0,66.0,2,25.0,0,0.0,0.0,0.06410842606365887,43
2000,0,173.0,66.0,2,25.0,0,0.0,-83.8589419814735,0.03227820242010228,23
2000,0,173.0,65.0,1,23.0,0,0.0,-88.34359379490371,0.02024245910298387,14
2000,0,173.0,65.0,1,23.0,0,0.0,86.22406490331136,0.04619865161436956,36
2000,0,173.0,65.0,1,23.0,0,0.0,0.0,0.02883387047688575,21
2000,0,173.0,65.0,1,23.0,0,0.0,85.96393050992563,0.04939161464612843,39
2000,0,173.0,65.0,1,23.0,0,0.0,0.0,0.018647622023670648,14
2000,0,173.0,65.0,1,23.0,0,0.0,-84.83218662523609,0.018088148578229823,18
1999,1,178.1,69.7,2,19.8,10,10.0,-88.84503836188698,0.10418404047617312,10
1999,1,178.1,69.7,2,19.8,10,10.0,-88.84503836188698,0.10418404047617312,10
1999,1,178.1,69.7,2,19.8,10,10.0,-88.84503836188698,0.10418404047617312,10
1999,1,178.1,69.7,2,19.8,10,10.0,-88.84503836188698,0.10418404047617312,10
1999,1,178.1,69.7,2,19.8,10,10.0,-88.84503836188698,0.10418404047617312,10
1999,1,178.1,69.7,2,19.8,10,10.0,-88.84503836188698,0.10418404047617312,10
1999,1,178.1,69.7,2,19.8,10,10.0,-88.84503836188698,0.10418404047617312,10
2000,0,173.0,65.0,2,14.0,20,0.0,0.0,0.01903050666269261,11
2000,0,173.0,65.0,2,14.0,20,0.0,88.34359379490371,0.02024245910298387,8
2000,0,173.0,65.0,2,14.0,20,0.0,-89.71207202029682,0.037869902236779586,25
2000,0,173.0,65.0,2,14.0,20,0.0,89.48228216910887,0.01957971023478734,12
2000,0,173.0,65.0,2,14.0,20,0.0,89.11690927379364,0.04886594939235726,30
2000,0,173.0,65.0,2,14.0,20,0.0,-89.76228324813825,0.00892950372650068,5
2000,0,173.0,65.0,2,14.0,20,0.0,89.76228324813825,0.00892950372650068,7
2000,0,173.0,65.0,2,14.0,20,0.0,-89.26564859034701,0.06840784460579684,44
2000,0,173.0,65.0,2,14.0,20,0.0,89.20750258321038,0.10423947381394223,76
2000,0,173.0,65.0,2,14.0,20,0.0,0.0,0.02883387047688575,22
2000,0,173.0,65.0,2,14.0,20,0.0,85.96393050992563,0.04939161464612843,38
2000,0,173.0,65.0,2,14.0,20,0.0,0.0,0.018647622023670648,11
2000,0,173.0,65.0,2,14.0,20,0.0,0.0,0.01033202175580085,9
2000,0,173.0,65.0,2,14.0,20,0.0,-86.19842022519668,0.013289524135084739,11
2000,0,173.0,65.0,2,14.0,20,0.0,89.07647733349258,0.01611990728991885,13
2000,0,173.0,65.0,2,14.0,20,0.0,-87.48756482240971,0.052654072191758355,35
2000,0,173.0,65.0,2,14.0,20,0.0,-88.53757111878855,0.02297676903623021,15
2000,0,173.0,65.0,2,14.0,20,0.0,-85.74427680171878,0.037206638882851195,24
2000,0,173.0,65.0,2,14.0,20,0.0,0.0,0.011765553460961718,7
2000,0,173.0,65.0,2,14.0,20,0.0,0.0,0.011765553460961718,5
2000,0,173.0,65.0,2,14.0,20,0.0,-88.86457452244034,0.013873655251566318,9
2000,0,173.0,65.0,2,14.0,20,0.0,-89.73410163710082,0.037126681799382756,25
2000,0,173.0,65.0,2,14.0,20,0.0,-75.11659429421813,0.026576932055854027,22
2000,0,173.0,65.0,2,14.0,20,0.0,-89.01267367783011,0.017233800978170715,10
2000,0,173.0,65.0,2,14.0,20,0.0,88.98316591237096,0.02484855270455229,18
2000,0,173.0,65.0,2,14.0,20,0.0,-87.47669315488241,0.013220552037918847,12
2000,0,173.0,65.0,2,14.0,20,0.0,-88.92484322003588,0.020643951512966226,14
2000,0,173.0,65.0,2,14.0,20,0.0,-89.50976682749506,0.016257144350203194,12
2000,0,173.0,65.0,2,14.0,20,0.0,-89.28751765316441,0.0373074114527378,27
2000,0,173.0,65.0,2,14.0,20,0.0,-88.99471945736236,0.019301981613441595,27
2000,0,173.0,65.0,2,14.0,20,0.0,87.66656717286116,0.00814972338842827,6
2000,0,173.0,65.0,2,14.0,20,0.0,-87.1514324443136,0.024878943113485128,11
2000,0,173.0,65.0,2,14.0,20,0.0,-89.91810901197715,0.016195808886309896,8
2000,0,173.0,65.0,2,14.0,20,0.0,-88.80765325979787,0.05879277556759533,41
2000,0,173.0,65.0,2,14.0,20,0.0,-88.30482739453123,0.010813865118599305,4
2000,0,173.0,65.0,2,14.0,20,0.0,87.77550074846222,0.02074491361244966,14
2000,0,173.0,65.0,2,14.0,20,0.0,89.93393794421443,0.013706459363799054,9
2000,0,173.0,65.0,2,14.0,20,0.0,0.0,0.01354802328550384,7
2000,0,173.0,65.0,2,14.0,20,0.0,89.71440171269417,0.009969343471123413,8
2000,0,173.0,65.0,2,14.0,20,0.0,-89.08735626748356,0.08124292509561092,50
2000,0,173.0,65.0,2,14.0,20,0.0,-89.31826783162414,0.06306487219639041,43
2000,0,173.0,65.0,2,14.0,20,0.0,0.0,0.022740631218881036,15
2000,0,173.0,65.0,2,14.0,20,0.0,0.0,0.027574394561825238,16
2000,0,173.0,65.0,2,14.0,20,0.0,0.0,0.013488598700853605,8
2000,0,173.0,65.0,2,14.0,20,0.0,86.93904247503949,0.016042401238334458,14
2000,0,173.0,65.0,2,14.0,20,0.0,-82.03126868001293,0.04199530697230977,30
2000,0,173.0,65.0,2,14.0,20,0.0,0.0,0.01638386516149479,11
2000,0,173.0,65.0,2,14.0,20,0.0,0.0,0.0209627703928093,12
2000,0,173.0,65.0,2,14.0,20,0.0,0.0,0.007019862118126532,3
2000,0,173.0,65.0,2,14.0,20,0.0,-86.9275563312006,0.026837858617868592,18
2000,0,173.0,65.0,2,14.0,20,0.0,0.0,0.012396137490274834,8
2000,0,173.0,65.0,2,14.0,20,0.0,0.0,0.018097596807894203,13
2000,0,173.0,65.0,2,14.0,20,0.0,0.0,0.06410842606365887,59
2000,0,173.0,65.0,2,14.0,20,0.0,-83.8589419814735,0.03227820242010228,26
2000,0,173.0,65.0,2,14.0,20,0.0,0.0,0.013488598700853605,8
2000,0,173.0,65.0,2,14.0,20,0.0,86.93904247503949,0.016042401238334458,9
2000,0,173.0,65.0,2,14.0,20,0.0,89.38454601906092,0.10849532636516229,98
2000,0,173.0,65.0,2,14.0,20,0.0,0.0,0.019015874688172705,17
2000,0,173.0,65.0,2,14.0,20,0.0,-89.8224599332683,0.06917752593840373,65
2000,0,173.0,65.0,2,14.0,20,0.0,89.8224599332683,0.06917752593840373,50
2000,0,173.0,65.0,2,14.0,20,0.0,-89.38478544072646,0.11167449636651591,77
2000,0,173.0,65.0,2,14.0,20,0.0,-89.76521976120053,0.03365512748220759,21
2000,0,173.0,65.0,2,14.0,20,0.0,89.8854354419033,0.036617724193623205,38
2000,0,173.0,65.0,2,14.0,20,0.0,0.0,0.020774679312000787,14
2000,0,173.0,65.0,2,14.0,20,0.0,-89.71440171269417,0.009969343471123413,7
2000,0,173.0,65.0,2,14.0,20,0.0,0.0,0.01354802328550384,14
2000,0,173.0,65.0,2,14.0,20,0.0,-89.93393794421443,0.013706459363799054,9
2000,0,173.0,65.0,2,14.0,20,0.0,89.16990225092867,0.05053224816316234,40
2000,0,173.0,65.0,2,14.0,20,0.0,0.0,0.029613020563533293,23
2000,0,173.0,65.0,2,14.0,20,0.0,0.0,0.020661023173019655,15
2000,0,173.0,65.0,2,14.0,20,0.0,0.0,0.04669539000537145,34
2000,0,173.0,65.0,2,14.0,20,0.0,0.0,0.04669539000537145,38
2000,0,173.0,65.0,2,14.0,20,0.0,-89.90786106040888,0.016903774593836834,11
2000,0,173.0,65.0,2,14.0,20,0.0,-61.50456784139774,0.011565423177815934,7
2000,0,173.0,65.0,2,14.0,20,0.0,89.68335620554339,0.058209632971627956,51
2000,0,173.0,65.0,2,14.0,20,0.0,0.0,0.0209627703928093,17
2000,0,173.0,65.0,2,14.0,20,0.0,-89.54394325143714,0.04616718766674693,27
2000,0,173.0,65.0,2,14.0,20,0.0,-89.31995754945082,0.08740623146658665,64
2000,0,173.0,65.0,2,14.0,20,0.0,89.31995754945082,0.08740623146658665,69
2000,0,173.0,65.0,2,14.0,20,0.0,89.54394325143714,0.04616718766674693,31
2000,0,173.0,65.0,2,14.0,20,0.0,0.0,0.0209627703928093,16
2000,0,173.0,65.0,2,14.0,20,0.0,-89.55571593865007,0.044975375600115275,30
2000,0,173.0,65.0,1,14.0,0,0.0,88.34359379490371,0.02024245910298387,11
2000,0,173.0,65.0,1,14.0,0,0.0,-89.71207202029682,0.037869902236779586,31
2000,0,173.0,65.0,1,14.0,0,0.0,89.48228216910887,0.01957971023478734,17
2000,0,173.0,65.0,1,14.0,0,0.0,89.11690927379364,0.04886594939235726,49
2000,0,173.0,65.0,1,14.0,0,0.0,-89.76228324813825,0.00892950372650068,5
2000,0,173.0,65.0,1,14.0,0,0.0,-89.71055986210361,0.024751754641411057,22
2000,0,173.0,65.0,1,14.0,0,0.0,-89.74201422138862,0.013034465235654574,9
2000,0,173.0,65.0,1,14.0,0,0.0,-89.69179205063061,0.053766989853744236,43
2000,0,173.0,65.0,1,14.0,0,0.0,89.38913768260855,0.08556722784903908,71
1999,0,178.0,70.0,2,23.0,0,0.0,80.85132005836968,0.048313677184790536,56
1999,0,178.0,70.0,2,23.0,0,0.0,89.37711557633018,0.10980530481644805,84
1999,0,178.0,70.0,2,23.0,0,0.0,0.0,0.10364052477381852,35
1999,0,178.0,70.0,2,23.0,0,0.0,0.0,0.013899696621259179,10
1999,0,178.0,70.0,2,23.0,0,0.0,89.7351176271295,0.01386930741991203,11
1999,0,178.0,70.0,2,23.0,0,0.0,-88.97936340080533,0.017815353549611487,11
1999,0,178.0,70.0,2,23.0,0,0.0,89.63663297854822,0.012684071888020246,8
1999,0,178.0,70.0,2,23.0,0,0.0,0.0,0.017697694546870483,12
1999,0,178.0,70.0,2,23.0,0,0.0,89.59610958413327,0.0479354735013592,42
1999,0,178.0,70.0,2,23.0,0,0.0,89.48907440445699,0.050830150412549936,53
1999,0,178.0,70.0,2,23.0,0,0.0,89.3020088503183,0.013401131030285198,4
1999,0,178.0,70.0,2,23.0,0,0.0,83.54971596399955,0.022611344743864403,19
1999,0,178.0,70.0,2,23.0,0,0.0,84.83218662523609,0.018088148578229823,14
1999,0,178.0,70.0,2,23.0,0,0.0,0.0,0.018647622023670648,13
1999,0,178.0,70.0,2,23.0,0,0.0,-85.96393050992563,0.04939161464612843,36
1999,0,178.0,70.0,2,23.0,0,0.0,0.0,0.02883387047688575,17
1999,0,178.0,70.0,2,23.0,0,0.0,-86.22406490331136,0.04619865161436956,33
1999,0,178.0,70.0,2,23.0,0,0.0,88.34359379490371,0.02024245910298387,15
1999,0,178.0,70.0,2,23.0,0,0.0,-89.71207202029682,0.037869902236779586,20
1999,0,178.0,70.0,2,23.0,0,0.0,88.76198803455307,0.06882633232503003,50
1999,0,178.0,70.0,2,23.0,0,0.0,-89.71055986210361,0.024751754641411057,20
1999,0,178.0,70.0,2,23.0,0,0.0,-89.74201422138862,0.013034465235654574,10
1999,0,178.0,70.0,2,23.0,0,0.0,-89.69179205063061,0.053766989853744236,39
1999,0,178.0,70.0,2,23.0,0,0.0,89.48250030337415,0.07709506083444671,60
2000,0,173.0,65.0,0,24.0,0,0.0,0.0,0.0164180135442759,5
2000,0,173.0,65.0,0,24.0,0,0.0,0.0,0.0164180135442759,18
1999,0,178.0,71.0,2,21.0,30,0.0,0.0,0.06734918887640058,44
1999,0,178.0,71.0,2,21.0,30,0.0,0.0,0.1132586934102918,68
1999,0,178.0,71.0,2,21.0,30,0.0,0.0,0.015689392360598953,11
1999,0,178.0,71.0,2,21.0,30,0.0,-89.6017939829128,0.04170070801603717,25
1999,0,178.0,71.0,2,21.0,30,0.0,-88.77824993096002,0.05331698457377089,36
1999,0,178.0,71.0,2,21.0,30,0.0,-89.61401844194782,0.018482601078450022,11
1999,0,178.0,71.0,2,21.0,30,0.0,-89.3056985801443,0.011575605595276114,7
1999,0,178.0,71.0,2,21.0,30,0.0,-89.26564859034701,0.06840784460579684,44
1999,0,178.0,71.0,2,21.0,30,0.0,89.71207202029682,0.037869902236779586,32
1999,0,178.0,71.0,2,21.0,30,0.0,-88.34359379490371,0.02024245910298387,17
1999,0,178.0,71.0,2,21.0,30,0.0,0.0,0.01903050666269261,15
1999,0,178.0,71.0,0,21.0,30,0.0,-85.43892827864198,0.0159548603966752,17
1999,0,178.0,71.0,0,21.0,30,0.0,89.07647733349258,0.01611990728991885,11
1999,0,178.0,71.0,0,21.0,30,0.0,-87.48756482240971,0.052654072191758355,29
1999,0,178.0,71.0,0,21.0,30,0.0,-88.53757111878855,0.02297676903623021,13
1999,0,178.0,71.0,0,21.0,30,0.0,-85.74427680171878,0.037206638882851195,24
1999,0,178.0,71.0,0,21.0,30,0.0,-88.86457452244034,0.013873655251566318,8
1999,0,178.0,71.0,0,21.0,30,0.0,-89.73410163710082,0.037126681799382756,22
1999,0,178.0,71.0,0,21.0,30,0.0,-88.92484322003588,0.020643951512966226,12
1999,0,178.0,71.0,0,21.0,30,0.0,-89.50976682749506,0.016257144350203194,12
1999,0,178.0,71.0,0,21.0,30,0.0,-89.28751765316441,0.0373074114527378,26
1999,0,178.0,71.0,0,21.0,30,0.0,-88.99471945736236,0.019301981613441595,13
1999,0,178.0,71.0,0,21.0,30,0.0,-85.36984640723091,0.024296339532238483,21
1999,0,178.0,71.0,0,21.0,30,0.0,-89.46250983042728,0.09850310766823575,75
1999,0,178.0,71.0,0,21.0,30,0.0,-89.90786106040888,0.016903774593836834,9
1999,0,178.0,71.0,0,21.0,30,0.0,-61.50456784139774,0.011565423177815934,7
1999,0,178.0,71.0,0,21.0,30,0.0,89.83121898248088,0.031027323606880212,20
1999,0,178.0,71.0,0,21.0,30,0.0,0.0,0.0164180135442759,13
1999,0,178.0,71.0,0,21.0,30,0.0,0.0,0.01264054587192205,9
1999,0,178.0,71.0,0,21.0,30,0.0,0.0,0.0209627703928093,14
1999,0,178.0,71.0,0,21.0,30,0.0,0.0,0.007019862118126532,5
1999,0,178.0,71.0,0,21.0,30,0.0,0.0,0.027574394561825238,17
1999,0,178.0,71.0,0,21.0,30,0.0,74.5889676694079,0.05513061224539479,40
1999,0,178.0,71.0,0,21.0,30,0.0,-84.62068004948502,0.06591457844749489,44
2000,0,173.0,65.0,1,20.0,20,0.0,0.0,0.020621745981618218,20
2000,0,173.0,66.0,1,20.0,20,0.0,0.0,0.020621745981618218,14
2000,0,173.0,66.0,1,20.0,20,0.0,0.0,0.1132586934102918,96
2000,0,173.0,65.0,1,20.0,20,0.0,0.0,0.1132586934102918,102
2000,0,173.0,66.0,1,20.0,20,0.0,0.0,0.015689392360598953,22
2000,0,173.0,66.0,1,20.0,20,0.0,0.0,0.015689392360598953,22
2000,0,173.0,66.0,1,20.0,20,0.0,0.0,0.020621745981618218,14
2000,0,173.0,66.0,1,20.0,20,0.0,0.0,0.1132586934102918,96
1999,0,178.0,71.0,2,20.0,20,0.0,-89.8894703610279,0.037581110887840684,35
1999,0,178.0,71.0,2,20.0,20,0.0,0.0,0.0164180135442759,9
1999,0,178.0,71.0,2,20.0,20,0.0,-89.77468575442965,0.04133624270678055,33
1999,0,178.0,71.0,2,20.0,20,0.0,89.87129287326552,0.023612579574638953,11
1999,0,178.0,71.0,2,20.0,20,0.0,-89.87129287326552,0.023612579574638953,17
1999,0,178.0,71.0,2,20.0,20,0.0,-61.50456784139774,0.011565423177815934,8
1999,0,178.0,71.0,2,20.0,20,0.0,89.83121898248088,0.031027323606880212,33
2002,1,153.0,53.0,0,20.0,20,0.0,89.74530426628374,0.07453760580743893,73
2002,1,153.0,53.0,0,20.0,20,0.0,89.74530426628374,0.07453760580743893,73
2003,1,162.0,55.0,1,23.0,0,0.0,89.49245625768206,0.07009898922253009,2
2003,1,162.0,55.0,1,23.0,0,0.0,0.0,0.0164180135442759,12
2003,1,162.0,55.0,1,23.0,0,0.0,0.0,0.02153515127335697,9
2003,1,162.0,55.0,1,23.0,0,0.0,0.0,0.022740631218881036,26
2003,1,162.0,55.0,1,23.0,0,0.0,-85.93640219865576,0.03552115880212925,18
2003,1,162.0,55.0,1,23.0,0,0.0,0.0,0.012396137490274834,2
2003,1,162.0,55.0,1,23.0,0,0.0,85.40491345879651,0.040185889517147154,44
1999,0,178.0,71.0,2,23.0,0,0.0,0.0,0.013488598700853605,16
2003,1,162.0,55.0,1,23.0,0,0.0,0.0,0.013488598700853605,9
1999,0,178.0,71.0,2,23.0,0,0.0,86.93904247503949,0.016042401238334458,13
2003,1,162.0,55.0,1,23.0,0,0.0,86.93904247503949,0.016042401238334458,16
1999,0,178.0,71.0,2,23.0,0,0.0,89.38454601906092,0.10849532636516229,111
2003,1,162.0,55.0,1,23.0,0,0.0,89.38454601906092,0.10849532636516229,113
1999,0,178.0,71.0,2,23.0,0,0.0,0.0,0.046888483706033456,58
1999,0,178.0,71.0,2,23.0,0,0.0,0.0,0.03978748300673224,32
2003,1,162.0,55.0,1,23.0,0,0.0,0.0,0.08210976844212184,103
1999,0,178.0,71.0,2,23.0,0,0.0,0.0,0.026270856589441755,21
2003,1,162.0,55.0,1,23.0,0,0.0,-88.28283245312524,0.05995840791564111,51
1999,0,178.0,71.0,2,23.0,0,0.0,-88.28283245312524,0.05995840791564111,50
2003,1,162.0,55.0,1,23.0,0,0.0,-89.87795182961435,0.026460013132985974,28
1999,0,178.0,71.0,2,23.0,0,0.0,-89.87795182961435,0.026460013132985974,29
2003,1,162.0,55.0,1,23.0,0,0.0,89.74717034213674,0.06408043122051565,54
1999,0,178.0,71.0,2,23.0,0,0.0,89.74717034213674,0.06408043122051565,54
1999,0,178.0,71.0,2,23.0,0,0.0,-89.46250983042728,0.09850310766823575,93
2003,1,162.0,55.0,1,23.0,0,0.0,-89.46250983042728,0.09850310766823575,103
1999,0,178.0,71.0,2,23.0,0,0.0,-89.90786106040888,0.016903774593836834,12
2003,1,162.0,55.0,1,23.0,0,0.0,-89.90786106040888,0.016903774593836834,8
1999,0,178.0,71.0,2,23.0,0,0.0,-61.50456784139774,0.011565423177815934,9
2003,1,162.0,55.0,1,23.0,0,0.0,-61.50456784139774,0.011565423177815934,9
1999,0,178.0,71.0,2,23.0,0,0.0,89.68470278469094,0.05796208204793505,42
2003,1,162.0,55.0,1,23.0,0,0.0,89.68470278469094,0.05796208204793505,42
2003,1,162.0,55.0,1,23.0,0,0.0,0.0,0.022740631218881036,22
1999,0,178.0,71.0,2,23.0,0,0.0,0.0,0.03387334931175323,40
2003,1,162.0,55.0,1,23.0,0,0.0,0.0,0.027574394561825238,20
2003,1,162.0,55.0,1,23.0,0,0.0,70.19744972888702,0.07201448676332112,57
1999,0,178.0,71.0,2,23.0,0,0.0,70.19744972888702,0.07201448676332112,64
2000,0,173.0,66.0,2,23.0,0,0.0,0.0,0.1132586934102918,79
2000,0,173.0,65.0,1,23.0,0,0.0,0.0,0.1132586934102918,100
2000,0,173.0,66.0,2,23.0,0,0.0,0.0,0.015689392360598953,12
2000,0,173.0,65.0,1,23.0,0,0.0,0.0,0.015689392360598953,12
2000,0,173.0,66.0,2,23.0,0,0.0,-89.6017939829128,0.04170070801603717,33
2000,0,173.0,65.0,1,23.0,0,0.0,-89.6017939829128,0.04170070801603717,35
2000,0,173.0,66.0,2,23.0,0,0.0,-88.77824993096002,0.05331698457377089,43
2000,0,173.0,65.0,1,23.0,0,0.0,-88.77824993096002,0.05331698457377089,41
2000,0,173.0,66.0,2,23.0,0,0.0,-89.61401844194782,0.018482601078450022,13
2000,0,173.0,65.0,1,23.0,0,0.0,-89.61401844194782,0.018482601078450022,14
2000,0,173.0,65.0,1,23.0,0,0.0,-89.3056985801443,0.011575605595276114,10
2000,0,173.0,65.0,1,23.0,0,0.0,-89.11690927379364,0.04886594939235726,41
2000,0,173.0,66.0,2,23.0,0,0.0,-89.16083098698917,0.060426376551891356,57
2000,0,173.0,66.0,2,23.0,0,0.0,-89.48228216910887,0.01957971023478734,14
2000,0,173.0,65.0,1,23.0,0,0.0,-89.48228216910887,0.01957971023478734,14
2000,0,173.0,66.0,2,23.0,0,0.0,89.71207202029682,0.037869902236779586,29
2000,0,173.0,65.0,1,23.0,0,0.0,89.71207202029682,0.037869902236779586,31
2000,0,173.0,66.0,2,23.0,0,0.0,-88.34359379490371,0.02024245910298387,16
2000,0,173.0,65.0,1,23.0,0,0.0,-88.34359379490371,0.02024245910298387,15
2000,0,173.0,66.0,2,23.0,0,0.0,86.22406490331136,0.04619865161436956,31
2000,0,173.0,65.0,1,23.0,0,0.0,86.22406490331136,0.04619865161436956,34
2000,0,173.0,66.0,2,23.0,0,0.0,0.0,0.02883387047688575,21
2000,0,173.0,65.0,1,23.0,0,0.0,0.0,0.02883387047688575,18
2000,0,173.0,66.0,2,23.0,0,0.0,85.96393050992563,0.04939161464612843,38
2000,0,173.0,65.0,1,23.0,0,0.0,85.96393050992563,0.04939161464612843,31
2000,0,173.0,66.0,2,23.0,0,0.0,0.0,0.018647622023670648,14
2000,0,173.0,65.0,1,23.0,0,0.0,0.0,0.018647622023670648,15
2000,0,173.0,66.0,2,23.0,0,0.0,-84.83218662523609,0.018088148578229823,16
2000,0,173.0,65.0,1,23.0,0,0.0,-84.83218662523609,0.018088148578229823,13
2000,0,173.0,66.0,2,23.0,0,0.0,85.08670368151304,0.017192803313689102,14
2000,0,173.0,65.0,1,23.0,0,0.0,-83.54971596399955,0.022611344743864403,23
2000,0,173.0,66.0,2,23.0,0,0.0,88.94254200442646,0.01476657565636675,10
2000,0,173.0,65.0,1,23.0,0,0.0,0.0,0.010955503175332277,7
2000,0,173.0,66.0,2,23.0,0,0.0,-87.48756482240971,0.052654072191758355,37
2000,0,173.0,66.0,2,23.0,0,0.0,0.0,0.007349820301075252,4
2000,0,173.0,66.0,2,23.0,0,0.0,0.0,0.007349820301075252,7
2000,0,173.0,65.0,1,23.0,0,0.0,-89.47375861244018,0.06245734140010508,49
2000,0,173.0,66.0,2,23.0,0,0.0,-88.53757111878855,0.02297676903623021,13
2000,0,173.0,66.0,2,23.0,0,0.0,-85.74427680171878,0.037206638882851195,26
2000,0,173.0,65.0,1,23.0,0,0.0,-89.59610958413327,0.0479354735013592,37
2000,0,173.0,66.0,2,23.0,0,0.0,-88.86457452244034,0.013873655251566318,9
2000,0,173.0,65.0,1,23.0,0,0.0,0.0,0.017697694546870483,12
2000,0,173.0,65.0,1,23.0,0,0.0,-89.63663297854822,0.012684071888020246,10
2000,0,173.0,65.0,1,23.0,0,0.0,88.97936340080533,0.017815353549611487,10
2000,0,173.0,66.0,2,23.0,0,0.0,-89.73410163710082,0.037126681799382756,25
2000,0,173.0,65.0,1,23.0,0,0.0,-89.7351176271295,0.01386930741991203,9
2000,0,173.0,65.0,1,23.0,0,0.0,0.0,0.013899696621259179,9
2000,0,173.0,66.0,2,23.0,0,0.0,-88.92484322003588,0.020643951512966226,16
2000,0,173.0,66.0,2,23.0,0,0.0,-89.50976682749506,0.016257144350203194,11
2000,0,173.0,65.0,1,23.0,0,0.0,0.0,0.026270856589441755,18
2000,0,173.0,66.0,2,23.0,0,0.0,-89.28751765316441,0.0373074114527378,32
2000,0,173.0,66.0,2,23.0,0,0.0,-89.95620581858917,0.009477974815339999,10
2000,0,173.0,65.0,1,23.0,0,0.0,-88.28283245312524,0.05995840791564111,46
2000,0,173.0,66.0,2,23.0,0,0.0,89.91271295687935,0.017214956471680597,8
2000,0,173.0,65.0,1,23.0,0,0.0,-89.93393794421443,0.013706459363799054,10
2000,0,173.0,66.0,2,23.0,0,0.0,-85.36984640723091,0.024296339532238483,27
2000,0,173.0,65.0,1,23.0,0,0.0,89.16990225092867,0.05053224816316234,49
2000,0,173.0,65.0,1,23.0,0,0.0,0.0,0.029613020563533293,23
2000,0,173.0,66.0,2,23.0,0,0.0,-89.59423252142527,0.07436201743453204,62
2000,0,173.0,65.0,1,23.0,0,0.0,0.0,0.020661023173019655,17
2000,0,173.0,65.0,1,23.0,0,0.0,-89.90786106040888,0.016903774593836834,12
2000,0,173.0,65.0,1,23.0,0,0.0,-61.50456784139774,0.011565423177815934,9
2000,0,173.0,66.0,2,23.0,0,0.0,0.0,0.044793598689887464,34
2000,0,173.0,66.0,2,23.0,0,0.0,0.0,0.017786981554024705,16
2000,0,173.0,66.0,2,23.0,0,0.0,-89.90786106040888,0.016903774593836834,9
2000,0,173.0,66.0,2,23.0,0,0.0,-61.50456784139774,0.011565423177815934,7
2000,0,173.0,65.0,1,23.0,0,0.0,89.68470278469094,0.05796208204793505,47
2000,0,173.0,65.0,1,23.0,0,0.0,0.0,0.01638386516149479,10
2000,0,173.0,66.0,2,23.0,0,0.0,89.83121898248088,0.031027323606880212,27
2000,0,173.0,66.0,2,23.0,0,0.0,0.0,0.0164180135442759,11
2000,0,173.0,66.0,2,23.0,0,0.0,0.0,0.01264054587192205,10
2000,0,173.0,66.0,2,23.0,0,0.0,0.0,0.01264054587192205,11
2000,0,173.0,66.0,2,23.0,0,0.0,0.0,0.0164180135442759,11
2002,1,166.0,64.0,1,20.0,20,0.0,0.0,0.06080970806258656,2
2000,0,175.0,58.0,2,18.0,20,0.0,89.55571593865007,0.044975375600115275,34
2000,0,175.0,58.0,2,18.0,20,0.0,0.0,0.01264054587192205,11
2000,0,175.0,58.0,2,18.0,20,0.0,0.0,0.0164180135442759,12
2000,0,175.0,58.0,2,18.0,20,0.0,0.0,0.06414466738283735,47
2000,0,175.0,58.0,2,18.0,20,0.0,0.0,0.017786981554024705,10
2000,0,175.0,58.0,2,18.0,20,0.0,-89.90786106040888,0.016903774593836834,11
2000,0,175.0,58.0,2,18.0,20,0.0,-61.50456784139774,0.011565423177815934,7
2000,0,175.0,58.0,2,18.0,20,0.0,89.68470278469094,0.05796208204793505,41
2000,0,175.0,58.0,2,18.0,20,0.0,0.0,0.022740631218881036,15
2000,0,175.0,58.0,2,18.0,20,0.0,-89.47655931017049,0.052988902361195425,42
2004,1,160.0,52.0,2,18.0,0,0.0,0.0,0.018097596807894203,7
2004,1,160.0,52.0,2,18.0,0,0.0,0.0,0.012396137490274834,4
2004,1,160.0,52.0,2,18.0,0,0.0,86.9275563312006,0.026837858617868592,16
2004,1,160.0,52.0,2,18.0,0,0.0,80.85132005836968,0.048313677184790536,46
2004,1,160.0,52.0,2,18.0,0,0.0,88.4295224838725,0.5446142239293464,38
2004,1,160.0,52.0,2,18.0,0,0.0,89.48228216910887,0.01957971023478734,2
2004,1,160.0,52.0,2,18.0,0,0.0,89.11690927379364,0.04886594939235726,7
2004,1,160.0,52.0,2,18.0,0,0.0,89.61401844194782,0.018482601078450022,3
2004,1,160.0,52.0,2,18.0,0,0.0,89.35988029345711,0.09496762138654623,22
2002,1,158.0,53.0,0,23.0,0,0.0,89.83188313773974,0.03627820639501727,34
2002,1,158.0,53.0,0,23.0,0,0.0,83.06993727213712,0.1355538835861751,162
2002,1,158.0,53.0,0,23.0,0,0.0,89.50917252015778,0.08639368246676465,88
2002,1,158.0,53.0,0,23.0,0,0.0,0.0,0.06478883146485295,56
2002,1,158.0,53.0,0,23.0,0,0.0,0.0,0.03978748300673224,30
2002,1,158.0,53.0,0,23.0,0,0.0,89.032105747021,0.033789097260535444,32
2002,1,158.0,53.0,0,23.0,0,0.0,0.0,0.01303861260455724,7
2004,1,160.0,52.0,2,23.0,0,0.0,0.0,0.012396137490274834,7
2004,1,160.0,52.0,2,23.0,0,0.0,86.9275563312006,0.026837858617868592,113
2003,1,162.0,55.0,1,23.0,0,0.0,86.20177330009366,0.03319442015732994,23
2003,1,162.0,55.0,1,23.0,0,0.0,89.0731660789439,0.08574188767410752,33
2003,1,162.0,55.0,1,23.0,0,0.0,-89.75050832856411,0.023078736818535166,5
2003,1,162.0,55.0,1,23.0,0,0.0,-89.4519398453504,0.07569520914122638,51
2002,1,158.0,52.0,0,24.0,0,0.0,0.0,0.013488598700853605,7
2002,1,158.0,52.0,0,24.0,0,0.0,-82.17053070347464,0.06875349251694915,45
2002,1,158.0,52.0,0,24.0,0,0.0,0.0,0.06410842606365887,44
2002,1,158.0,52.0,0,24.0,0,0.0,-89.92812611521626,0.015886075070913153,4
2000,0,175.0,58.0,2,23.0,0,0.0,0.0,0.022740631218881036,12
2002,1,167.0,58.0,1,23.0,0,0.0,0.0,0.022740631218881036,29
2002,1,162.0,55.0,1,23.0,0,0.0,0.0,0.02483453922347555,23
2000,0,175.0,58.0,2,23.0,0,0.0,-84.56948582195888,0.0475325949841953,47
2002,1,167.0,58.0,1,23.0,0,0.0,-84.56948582195888,0.0475325949841953,46
2002,1,162.0,55.0,1,23.0,0,0.0,-85.08721043490101,0.04297755335039875,46
2000,0,175.0,58.0,2,23.0,0,0.0,-89.71554080957034,0.0628736685945399,66
2002,1,162.0,55.0,1,23.0,0,0.0,0.0,0.06410842606365887,67
2002,1,167.0,58.0,1,23.0,0,0.0,0.0,0.06410842606365887,71
1999,0,178.0,71.0,2,23.0,0,0.0,0.0,0.05033424612782841,33
1999,0,178.0,71.0,2,23.0,0,0.0,0.0,0.020621745981618218,11
1999,0,178.0,71.0,2,23.0,0,0.0,0.0,0.12803107715074172,93
1999,0,178.0,71.0,2,23.0,0,0.0,-89.40795432590306,0.08783487002888507,47
1999,0,178.0,71.0,2,23.0,0,0.0,-89.61401844194782,0.018482601078450022,9
1999,0,178.0,71.0,2,23.0,0,0.0,-89.3056985801443,0.011575605595276114,8
1999,0,178.0,71.0,2,23.0,0,0.0,-89.11690927379364,0.04886594939235726,35
1999,0,178.0,71.0,2,23.0,0,0.0,-89.48228216910887,0.01957971023478734,8
1999,0,178.0,71.0,2,23.0,0,0.0,89.71207202029682,0.037869902236779586,26
1999,0,178.0,71.0,2,23.0,0,0.0,-88.34359379490371,0.02024245910298387,15
1999,0,178.0,71.0,2,23.0,0,0.0,86.22406490331136,0.04619865161436956,26
1999,0,178.0,71.0,2,23.0,0,0.0,0.0,0.02883387047688575,15
1999,0,178.0,71.0,2,23.0,0,0.0,85.96393050992563,0.04939161464612843,33
1999,0,178.0,71.0,2,23.0,0,0.0,0.0,0.018647622023670648,9
1999,0,178.0,71.0,2,23.0,0,0.0,-84.83218662523609,0.018088148578229823,15
1999,0,178.0,71.0,2,23.0,0,0.0,88.5920134644196,0.02457894865977055,12
1999,0,178.0,71.0,2,23.0,0,0.0,-87.48756482240971,0.052654072191758355,28
1999,0,178.0,71.0,2,23.0,0,0.0,0.0,0.007349820301075252,3
1999,0,178.0,71.0,2,23.0,0,0.0,-88.53757111878855,0.02297676903623021,11
1999,0,178.0,71.0,2,23.0,0,0.0,-85.74427680171878,0.037206638882851195,22
1999,0,178.0,71.0,2,23.0,0,0.0,-88.86457452244034,0.013873655251566318,9
1999,0,178.0,71.0,2,23.0,0,0.0,-89.73410163710082,0.037126681799382756,24
1999,0,178.0,71.0,2,23.0,0,0.0,-88.92484322003588,0.020643951512966226,14
1999,0,178.0,71.0,2,23.0,0,0.0,-89.50976682749506,0.016257144350203194,11
1999,0,178.0,71.0,2,23.0,0,0.0,-89.28751765316441,0.0373074114527378,23
1999,0,178.0,71.0,2,23.0,0,0.0,-89.87834079127694,0.02703360021120999,16
1999,0,178.0,71.0,2,23.0,0,0.0,89.91810901197715,0.016195808886309896,11
1999,0,178.0,71.0,2,23.0,0,0.0,-89.40912922673361,0.10828656350254003,72
1999,0,178.0,71.0,2,23.0,0,0.0,-89.83467973361435,0.0303296508238461,15
1999,0,178.0,71.0,2,23.0,0,0.0,-61.50456784139774,0.011565423177815934,7
1999,0,178.0,71.0,2,23.0,0,0.0,89.68470278469094,0.05796208204793505,38
1999,0,178.0,71.0,2,23.0,0,0.0,0.0,0.022740631218881036,11
1999,0,178.0,71.0,2,23.0,0,0.0,67.1809532987928,0.0841505033174869,57
1999,0,178.0,71.0,2,23.0,0,0.0,-86.53957093427995,0.042328595839176746,26
1999,0,178.0,71.0,2,23.0,0,0.0,-80.18690379515813,0.051889618061519496,34
2004,1,160.0,52.0,2,18.0,0,0.0,0.0,0.007019862118126532,2
2004,1,160.0,52.0,2,18.0,0,0.0,0.0,0.0209627703928093,5
2004,1,160.0,52.0,2,18.0,0,0.0,0.0,0.01264054587192205,14
2004,1,160.0,52.0,2,18.0,0,0.0,89.05009635033204,0.17243684017621086,59
2004,1,160.0,52.0,2,18.0,0,0.0,88.91691777469676,0.20418051070912385,59
2004,1,160.0,52.0,2,18.0,0,0.0,89.47285038444276,0.052444309516773854,10
2004,1,160.0,52.0,2,18.0,0,0.0,89.3020088503183,0.013401131030285198,3
2004,1,160.0,52.0,2,18.0,0,0.0,83.54971596399955,0.022611344743864403,4
2004,1,160.0,52.0,2,18.0,0,0.0,84.83218662523609,0.018088148578229823,2
2004,1,160.0,52.0,2,18.0,0,0.0,0.0,0.018647622023670648,5
2004,1,160.0,52.0,2,18.0,0,0.0,-85.96393050992563,0.04939161464612843,20
2004,1,160.0,52.0,2,18.0,0,0.0,0.0,0.02883387047688575,3
2004,1,160.0,52.0,2,18.0,0,0.0,-86.22406490331136,0.04619865161436956,8
2004,1,160.0,52.0,2,18.0,0,0.0,88.34359379490371,0.02024245910298387,2
2004,1,160.0,52.0,2,18.0,0,0.0,-89.71207202029682,0.037869902236779586,5
2004,1,160.0,52.0,2,18.0,0,0.0,89.48228216910887,0.01957971023478734,2
2004,1,160.0,52.0,2,18.0,0,0.0,89.11690927379364,0.04886594939235726,9
2004,1,160.0,52.0,2,18.0,0,0.0,89.61401844194782,0.018482601078450022,3
2004,1,160.0,52.0,2,18.0,0,0.0,89.35988029345711,0.09496762138654623,22
2004,1,160.0,52.0,2,18.0,0,0.0,0.0,0.1132586934102918,17
2000,0,173.0,66.0,1,25.0,0,0.0,0.0,0.1132586934102918,80
2000,0,173.0,66.0,1,25.0,0,0.0,0.0,0.015689392360598953,10
2000,0,173.0,66.0,1,25.0,0,0.0,-89.6017939829128,0.04170070801603717,30
2000,0,173.0,66.0,1,25.0,0,0.0,-88.77824993096002,0.05331698457377089,32
2000,0,173.0,66.0,1,25.0,0,0.0,-89.61401844194782,0.018482601078450022,12
2000,0,173.0,66.0,1,25.0,0,0.0,-89.3056985801443,0.011575605595276114,10
2000,0,173.0,66.0,1,25.0,0,0.0,-89.26564859034701,0.06840784460579684,49
2000,0,173.0,66.0,1,25.0,0,0.0,89.71207202029682,0.037869902236779586,28
2000,0,173.0,66.0,1,25.0,0,0.0,-88.34359379490371,0.02024245910298387,13
2000,0,173.0,66.0,1,25.0,0,0.0,86.22406490331136,0.04619865161436956,32
2000,0,173.0,66.0,1,25.0,0,0.0,0.0,0.02883387047688575,20
2000,0,173.0,66.0,1,25.0,0,0.0,85.96393050992563,0.04939161464612843,33
2000,0,173.0,66.0,1,25.0,0,0.0,0.0,0.018647622023670648,12
2000,0,173.0,66.0,1,25.0,0,0.0,-84.83218662523609,0.018088148578229823,13
2000,0,173.0,66.0,1,25.0,0,0.0,-83.54971596399955,0.022611344743864403,16
2000,0,173.0,66.0,1,25.0,0,0.0,0.0,0.010955503175332277,7
2000,0,173.0,66.0,1,25.0,0,0.0,-89.47375861244018,0.06245734140010508,39
2000,0,173.0,66.0,1,25.0,0,0.0,-89.59610958413327,0.0479354735013592,32
2000,0,173.0,66.0,1,25.0,0,0.0,0.0,0.017697694546870483,12
2000,0,173.0,66.0,1,25.0,0,0.0,-89.63663297854822,0.012684071888020246,7
2000,0,173.0,66.0,1,25.0,0,0.0,88.97936340080533,0.017815353549611487,11
2000,0,173.0,66.0,1,25.0,0,0.0,-89.7351176271295,0.01386930741991203,8
2000,0,173.0,66.0,1,25.0,0,0.0,0.0,0.013899696621259179,6
2000,0,173.0,66.0,1,25.0,0,0.0,0.0,0.026270856589441755,18
2000,0,173.0,66.0,1,25.0,0,0.0,-88.28283245312524,0.05995840791564111,43
2000,0,173.0,66.0,1,25.0,0,0.0,-89.93393794421443,0.013706459363799054,6
2000,0,173.0,66.0,1,25.0,0,0.0,89.16990225092867,0.05053224816316234,41
1999,0,178.0,71.0,2,26.0,0,0.0,0.0,0.015689392360598953,10
1999,0,178.0,71.0,2,26.0,0,0.0,-89.40795432590306,0.08783487002888507,59
1999,0,178.0,71.0,2,26.0,0,0.0,-89.61401844194782,0.018482601078450022,16
1999,0,178.0,71.0,2,26.0,0,0.0,-89.3056985801443,0.011575605595276114,8
2003,1,163.0,55.0,1,26.0,0,0.0,-89.61401844194782,0.018482601078450022,89
2003,1,163.0,55.0,1,26.0,0,0.0,-89.3056985801443,0.011575605595276114,7
1999,0,178.0,71.0,2,26.0,0,0.0,-89.26564859034701,0.06840784460579684,58
2003,1,163.0,55.0,1,26.0,0,0.0,-89.26564859034701,0.06840784460579684,52
1999,0,178.0,71.0,2,26.0,0,0.0,89.71207202029682,0.037869902236779586,33
2003,1,163.0,55.0,1,26.0,0,0.0,89.71207202029682,0.037869902236779586,36
1999,0,178.0,71.0,2,26.0,0,0.0,-88.34359379490371,0.02024245910298387,17
2003,1,163.0,55.0,1,26.0,0,0.0,-88.34359379490371,0.02024245910298387,17
1999,0,178.0,71.0,2,26.0,0,0.0,86.22406490331136,0.04619865161436956,47
1999,0,178.0,71.0,2,26.0,0,0.0,0.0,0.02883387047688575,25
2003,1,163.0,55.0,1,26.0,0,0.0,83.88191928268012,0.07503184743770139,53
2003,1,163.0,55.0,1,26.0,0,0.0,85.96393050992563,0.04939161464612843,43
1999,0,178.0,71.0,2,26.0,0,0.0,84.49050182968669,0.06751945354342752,56
2003,1,163.0,55.0,1,26.0,0,0.0,0.0,0.018647622023670648,12
1999,0,178.0,71.0,2,26.0,0,0.0,-84.83218662523609,0.018088148578229823,14
2003,1,163.0,55.0,1,26.0,0,0.0,-84.83218662523609,0.018088148578229823,15
1999,0,178.0,71.0,2,26.0,0,0.0,-82.59943307132606,0.02597747708160601,22
2003,1,163.0,55.0,1,26.0,0,0.0,-83.54971596399955,0.022611344743864403,22
2003,1,163.0,55.0,1,26.0,0,0.0,-89.3020088503183,0.013401131030285198,10
1999,0,178.0,71.0,2,26.0,0,0.0,-89.47375861244018,0.06245734140010508,44
2003,1,163.0,55.0,1,26.0,0,0.0,-89.48907440445699,0.050830150412549936,37
1999,0,178.0,71.0,2,26.0,0,0.0,-89.59610958413327,0.0479354735013592,40
2003,1,163.0,55.0,1,26.0,0,0.0,-89.59610958413327,0.0479354735013592,36
1999,0,178.0,71.0,2,26.0,0,0.0,0.0,0.017697694546870483,13
2003,1,163.0,55.0,1,26.0,0,0.0,0.0,0.017697694546870483,12
1999,0,178.0,71.0,2,26.0,0,0.0,-89.63663297854822,0.012684071888020246,6
2003,1,163.0,55.0,1,26.0,0,0.0,-89.63663297854822,0.012684071888020246,9
2003,1,163.0,55.0,1,26.0,0,0.0,88.97936340080533,0.017815353549611487,9
1999,0,178.0,71.0,2,26.0,0,0.0,88.97936340080533,0.017815353549611487,13
2003,1,163.0,55.0,1,26.0,0,0.0,-89.7351176271295,0.01386930741991203,9
2003,1,163.0,55.0,1,26.0,0,0.0,0.0,0.013899696621259179,11
1999,0,178.0,71.0,2,26.0,0,0.0,-87.72538372286415,0.11916123784961981,95
2003,1,163.0,55.0,1,26.0,0,0.0,0.0,0.10364052477381852,80
1999,0,178.0,71.0,2,26.0,0,0.0,-89.38478544072646,0.11167449636651591,87
2003,1,163.0,55.0,1,26.0,0,0.0,-89.38478544072646,0.11167449636651591,86
2003,1,163.0,55.0,1,26.0,0,0.0,0.0,0.013488598700853605,8
1999,0,178.0,71.0,2,26.0,0,0.0,69.88702476146493,0.073240968462438,61
2003,1,163.0,55.0,1,26.0,0,0.0,70.19744972888702,0.07201448676332112,49
1999,0,178.0,71.0,2,26.0,0,0.0,-89.64789487757821,0.08212753663005479,22
2003,1,163.0,55.0,1,0.0,0,0.0,0.0,0.020965497529313575,12
2003,1,163.0,55.0,1,0.0,0,0.0,89.01113663240596,0.09148136794628596,84
